Date,Shift,Machine_ID,Operator_ID,Fabric_Type,Target_Output_Meters,Actual_Output_Meters,Defect_Rate_Percent,Machine_Downtime_Minutes,Power_Consumption_kWh,Rework_Required_Meters,Operator_Experience_Years,Ambient_Temperature_C,Humidity_Percent,Production_Efficiency_Percent,Comments
2024-01-05,Morning,M020,O031,Polyester,1124,955,9.51,13,294.41,15,1.3,31.0,74.6,84.96,Smooth
2024-04-17,Night,M005,O001,Blend,935,879,7.08,0,320.96,15,4.9,28.4,61.0,94.01,Power Cut
2024-02-10,Morning,M017,O026,Blend,924,806,2.91,9,328.6,19,7.1,27.8,71.4,87.23,Smooth
2024-01-07,Morning,M020,O040,Polyester,805,627,5.14,8,356.11,10,1.4,28.5,78.0,77.89,Smooth
2024-04-12,Afternoon,M003,O033,Blend,829,900,8.08,3,364.55,24,2.3,28.1,59.8,108.56,Smooth
2024-02-05,Night,M013,O010,Cotton,1047,747,9.09,2,286.74,23,8.4,33.3,47.4,71.35,Breakdown
2024-04-17,Morning,M012,O042,Polyester,897,975,7.75,28,360.93,45,1.8,32.6,47.8,108.7,Smooth
2024-03-29,Afternoon,M019,O033,Polyester,854,613,3.25,4,388.69,14,4.6,28.4,61.7,71.78,Low Quality Yarn
2024-03-07,Afternoon,M018,O011,Cotton,977,738,8.02,0,379.11,28,11.7,32.7,43.0,75.54,Smooth
2024-02-11,Night,M006,O012,Polyester,945,797,1.16,19,274.59,9,5.0,33.3,53.0,84.34,Power Cut
2024-02-06,Afternoon,M003,O019,Cotton,1147,1137,6.38,21,298.11,43,11.5,29.8,62.5,99.13,Smooth
2024-03-15,Night,M004,O050,Polyester,938,945,4.94,7,330.07,13,1.0,29.8,65.5,100.75,Smooth
2024-04-21,Afternoon,M016,O049,Cotton,889,734,5.09,23,323.28,29,3.8,25.5,43.1,82.56,Smooth
2024-02-07,Afternoon,M010,O034,Polyester,1194,974,1.61,26,375.07,43,12.2,33.5,47.5,81.57,Smooth
2024-01-13,Afternoon,M001,O044,Polyester,878,928,5.39,16,334.54,13,3.8,32.0,57.1,105.69,Smooth
2024-02-20,Night,M015,O001,Polyester,965,991,8.61,0,217.24,18,2.2,31.0,53.5,102.69,Humidity Issue
2024-04-09,Afternoon,M002,O039,Cotton,1129,1216,3.23,7,302.85,59,14.5,34.2,50.1,107.71,Smooth
2024-02-01,Morning,M015,O005,Polyester,1137,1022,3.01,3,355.12,30,1.2,28.7,51.1,89.89,Low Quality Yarn
2024-03-21,Morning,M017,O007,Cotton,982,1044,2.4,1,366.99,20,10.2,30.0,70.5,106.31,Smooth
2024-04-16,Morning,M014,O038,Cotton,986,783,7.28,4,420.26,24,1.8,34.2,73.4,79.41,Smooth
2024-01-31,Afternoon,M019,O005,Blend,932,771,1.87,0,435.33,8,7.9,32.6,49.1,82.73,Low Quality Yarn
2024-03-21,Morning,M017,O017,Polyester,1035,991,1.74,11,381.03,15,5.4,29.5,44.5,95.75,Low Quality Yarn
2024-03-18,Night,M009,O045,Polyester,1169,1250,8.77,2,402.19,40,8.2,31.6,49.7,106.93,Breakdown
2024-01-20,Night,M010,O041,Cotton,1040,766,8.97,23,278.0,18,11.0,33.6,75.9,73.65,Smooth
2024-04-18,Night,M009,O047,Polyester,821,866,7.8,10,361.31,8,2.0,32.5,66.5,105.48,Smooth
2024-03-29,Night,M014,O014,Blend,994,697,1.61,7,402.47,13,10.8,34.0,49.5,70.12,Smooth
2024-02-27,Morning,M006,O003,Blend,1054,874,7.46,10,371.22,28,1.9,32.8,54.7,82.92,Smooth
2024-01-29,Morning,M006,O011,Blend,1147,924,2.44,36,393.93,32,12.0,29.3,60.1,80.56,Smooth
2024-03-26,Night,M018,O050,Polyester,883,821,4.93,2,301.85,9,9.9,32.9,47.1,92.98,Breakdown
2024-02-15,Morning,M018,O045,Cotton,1186,1276,9.54,24,343.79,62,14.5,32.2,74.1,107.59,Breakdown
2024-03-17,Afternoon,M014,O028,Cotton,1096,896,3.85,19,303.7,28,14.1,28.5,67.8,81.75,Smooth
2024-01-01,Morning,M003,O038,Polyester,938,870,0.97,9,402.87,34,10.6,30.2,68.1,92.75,Smooth
2024-03-19,Afternoon,M011,O017,Blend,1066,899,2.94,16,365.22,41,7.9,30.8,60.1,84.33,Smooth
2024-02-14,Afternoon,M003,O006,Polyester,1009,1028,6.5,12,361.61,24,5.9,30.5,43.8,101.88,Breakdown
2024-02-19,Afternoon,M003,O047,Polyester,975,908,0.36,6,260.58,30,0.9,31.1,41.5,93.13,Smooth
2024-03-08,Night,M010,O013,Polyester,808,831,3.6,1,428.02,15,9.5,30.4,43.4,102.85,Smooth
2024-02-28,Afternoon,M015,O045,Blend,907,653,5.31,7,418.17,32,8.0,32.5,52.9,72.0,Low Quality Yarn
2024-03-30,Night,M009,O016,Cotton,1055,1074,2.71,5,311.41,18,2.8,35.0,50.0,101.8,Smooth
2024-04-02,Afternoon,M008,O020,Cotton,1104,1015,7.15,10,368.86,34,6.6,35.0,49.9,91.94,Smooth
2024-01-23,Morning,M006,O006,Blend,976,822,7.58,0,338.13,11,7.6,35.6,58.9,84.22,Smooth
2024-01-07,Afternoon,M020,O005,Polyester,844,649,4.34,5,427.15,7,5.9,34.0,65.0,76.9,Smooth
2024-01-04,Night,M015,O031,Blend,1159,1044,8.56,10,339.88,34,14.1,30.2,63.0,90.08,Low Quality Yarn
2024-02-08,Night,M011,O012,Blend,951,813,6.43,6,384.34,20,14.4,30.2,76.2,85.49,Smooth
2024-02-10,Morning,M013,O019,Cotton,1019,793,0.69,1,325.68,18,12.8,30.6,40.9,77.82,Low Quality Yarn
2024-03-16,Morning,M005,O033,Polyester,907,930,2.82,1,397.6,41,11.2,34.4,72.1,102.54,Smooth
2024-03-24,Night,M020,O023,Blend,1170,950,1.77,13,260.62,39,5.4,26.3,77.2,81.2,Smooth
2024-04-18,Morning,M006,O022,Polyester,1014,1057,4.29,13,329.6,48,7.8,30.8,73.1,104.24,Smooth
2024-04-23,Morning,M002,O047,Blend,801,663,8.96,4,336.45,31,14.3,28.2,62.9,82.77,Smooth
2024-03-26,Afternoon,M016,O019,Cotton,811,772,4.48,3,410.25,30,12.0,26.4,71.6,95.19,Smooth
2024-03-08,Afternoon,M012,O002,Cotton,899,662,4.94,0,245.5,30,5.6,35.3,44.7,73.64,Smooth
2024-04-27,Afternoon,M015,O018,Blend,996,754,7.62,9,328.33,32,10.7,30.6,43.3,75.7,Operator Absent
2024-03-31,Morning,M002,O025,Cotton,908,666,9.87,4,407.72,31,14.8,28.6,70.1,73.35,Operator Absent
2024-03-08,Afternoon,M020,O032,Blend,825,701,0.84,15,248.15,32,2.1,34.7,59.7,84.97,Low Quality Yarn
2024-04-11,Night,M008,O018,Polyester,955,672,4.69,0,413.56,22,14.5,32.3,55.0,70.37,Smooth
2024-03-24,Morning,M016,O050,Blend,899,732,8.69,2,353.48,36,1.6,33.0,62.2,81.42,Power Cut
2024-02-23,Afternoon,M016,O034,Polyester,1155,1256,5.23,9,328.4,44,9.0,35.6,76.0,108.74,Smooth
2024-01-17,Morning,M006,O026,Polyester,933,670,2.81,30,344.45,23,4.5,32.9,47.5,71.81,Smooth
2024-04-28,Morning,M003,O029,Polyester,1049,928,3.53,8,254.36,39,10.4,31.1,46.5,88.47,Smooth
2024-02-25,Morning,M018,O018,Blend,940,1000,8.23,29,387.1,26,14.0,34.4,74.6,106.38,Low Quality Yarn
2024-01-31,Afternoon,M006,O008,Polyester,977,701,0.26,4,364.77,17,14.6,26.7,73.7,71.75,Low Quality Yarn
2024-03-15,Night,M016,O007,Blend,855,885,4.69,5,344.57,39,12.3,29.8,80.0,103.51,Smooth
2024-03-10,Morning,M013,O022,Cotton,1079,1185,5.55,14,334.35,17,14.3,25.2,64.2,109.82,Low Quality Yarn
2024-03-18,Night,M013,O027,Polyester,880,696,6.72,9,308.61,25,8.0,29.1,70.9,79.09,Smooth
2024-04-13,Morning,M016,O015,Blend,925,839,8.52,8,401.33,21,2.4,30.5,41.2,90.7,Smooth
2024-01-30,Morning,M012,O032,Cotton,866,867,6.2,12,328.32,9,5.6,29.0,63.6,100.12,Smooth
2024-03-16,Night,M005,O046,Blend,1033,885,4.37,23,360.01,36,6.2,23.5,64.9,85.67,Smooth
2024-03-29,Morning,M008,O048,Blend,987,1031,9.5,1,349.26,20,7.2,32.4,79.2,104.46,Smooth
2024-04-29,Morning,M009,O028,Blend,1049,941,3.29,10,343.85,14,2.4,29.8,46.1,89.7,Breakdown
2024-03-04,Morning,M014,O010,Cotton,845,638,6.41,2,387.37,18,10.2,29.1,46.9,75.5,Humidity Issue
2024-02-20,Afternoon,M016,O007,Blend,853,662,0.41,1,309.23,8,2.2,28.3,58.4,77.61,Smooth
2024-02-22,Morning,M019,O031,Cotton,1021,798,3.64,7,344.9,33,9.6,30.1,43.3,78.16,Smooth
2024-04-29,Afternoon,M018,O027,Blend,1025,1075,9.21,0,392.57,42,3.2,28.1,48.4,104.88,Smooth
2024-01-08,Afternoon,M020,O016,Blend,899,762,4.85,9,318.67,30,1.0,23.4,50.1,84.76,Breakdown
2024-04-24,Night,M002,O048,Blend,961,946,8.95,7,301.39,26,8.2,30.2,49.7,98.44,Power Cut
2024-04-15,Night,M011,O004,Blend,892,720,3.77,0,296.94,16,2.2,28.0,75.6,80.72,Smooth
2024-01-07,Morning,M003,O010,Cotton,977,915,6.79,15,306.3,28,9.0,30.0,69.8,93.65,Operator Absent
2024-02-09,Night,M019,O012,Polyester,868,757,1.28,3,419.79,24,5.7,26.1,79.5,87.21,Smooth
2024-04-16,Afternoon,M007,O005,Blend,1088,1025,2.37,1,327.09,16,3.2,28.1,51.4,94.21,Low Quality Yarn
2024-04-20,Night,M009,O023,Blend,938,721,8.97,0,224.86,35,2.1,32.1,55.9,76.87,Smooth
2024-04-09,Afternoon,M009,O050,Cotton,1017,1106,8.66,16,313.8,40,14.0,28.4,62.3,108.75,Smooth
2024-03-15,Night,M017,O003,Cotton,985,914,2.8,14,321.77,24,7.9,27.0,49.7,92.79,Smooth
2024-01-22,Morning,M011,O011,Cotton,1075,801,6.11,3,293.04,23,8.2,30.8,42.1,74.51,Humidity Issue
2024-01-18,Afternoon,M020,O043,Blend,959,800,1.34,0,319.9,29,11.5,32.3,63.8,83.42,Smooth
2024-01-05,Night,M008,O015,Cotton,1063,944,4.12,4,358.49,16,1.5,30.3,69.6,88.81,Smooth
2024-04-29,Night,M016,O032,Polyester,1095,1018,8.42,1,320.27,16,2.9,31.8,72.6,92.97,Smooth
2024-03-27,Night,M007,O003,Cotton,926,894,5.23,4,336.49,38,6.9,32.8,55.1,96.54,Smooth
2024-04-04,Morning,M015,O007,Blend,1196,1058,3.01,13,270.99,48,6.1,30.0,61.7,88.46,Breakdown
2024-01-31,Afternoon,M013,O007,Cotton,1193,1267,6.24,1,358.26,29,2.5,31.7,71.8,106.2,Smooth
2024-03-24,Afternoon,M008,O002,Cotton,1034,980,5.33,22,325.63,22,4.1,31.2,69.8,94.78,Breakdown
2024-01-25,Morning,M003,O027,Cotton,864,616,5.7,14,332.62,26,2.1,32.5,73.9,71.3,Smooth
2024-04-15,Night,M007,O001,Blend,1046,785,3.97,15,328.63,30,10.9,28.3,65.6,75.05,Smooth
2024-04-13,Morning,M011,O027,Polyester,935,914,5.43,2,297.08,42,9.0,28.5,56.0,97.75,Humidity Issue
2024-01-19,Afternoon,M013,O013,Cotton,1081,956,9.47,1,359.03,32,0.8,37.9,74.9,88.44,Smooth
2024-03-08,Morning,M008,O002,Cotton,1161,1245,5.65,11,360.84,20,8.9,31.3,64.3,107.24,Breakdown
2024-03-31,Morning,M012,O004,Cotton,867,753,7.36,27,345.49,10,14.8,32.3,73.6,86.85,Smooth
2024-04-01,Night,M009,O004,Polyester,1119,839,9.21,20,476.93,21,1.3,31.6,53.4,74.98,Smooth
2024-02-27,Night,M006,O009,Cotton,1124,1147,0.05,4,392.61,53,5.5,23.0,53.9,102.05,Power Cut
2024-02-06,Morning,M019,O006,Blend,1015,1009,4.52,2,293.73,17,7.7,29.6,56.8,99.41,Operator Absent
2024-04-20,Morning,M019,O033,Blend,1020,1087,3.62,8,299.14,52,2.7,31.6,56.6,106.57,Smooth
2024-02-27,Afternoon,M007,O014,Polyester,1076,789,9.97,6,316.12,31,3.5,30.4,75.9,73.33,Power Cut
2024-01-05,Morning,M014,O043,Cotton,945,739,1.91,0,478.5,9,11.7,26.7,58.1,78.2,Smooth
2024-03-14,Afternoon,M018,O010,Cotton,1104,1004,4.41,5,291.12,17,13.0,30.6,77.8,90.94,Smooth
2024-03-02,Morning,M008,O040,Blend,1015,862,2.71,10,331.91,14,10.9,29.8,66.4,84.93,Power Cut
2024-01-05,Afternoon,M013,O003,Cotton,1042,740,2.22,2,354.94,12,10.0,29.6,49.5,71.02,Smooth
2024-03-01,Morning,M001,O005,Blend,854,631,2.43,12,361.73,16,10.2,30.8,48.2,73.89,Smooth
2024-03-02,Afternoon,M015,O005,Blend,933,762,8.96,0,266.51,34,12.4,35.3,53.7,81.67,Smooth
2024-04-08,Morning,M013,O039,Blend,805,647,3.8,8,387.82,17,8.5,25.8,57.4,80.37,Low Quality Yarn
2024-02-07,Morning,M015,O003,Blend,1029,841,9.48,14,398.59,35,6.7,29.9,40.9,81.73,Smooth
2024-01-18,Morning,M010,O022,Polyester,1072,865,5.42,10,318.86,37,14.8,28.7,61.0,80.69,Power Cut
2024-04-26,Morning,M008,O049,Polyester,1050,807,2.72,0,268.52,25,9.9,31.7,73.2,76.86,Smooth
2024-01-30,Night,M009,O005,Blend,1172,917,0.11,1,431.03,33,3.0,34.7,76.6,78.24,Humidity Issue
2024-02-19,Night,M014,O026,Blend,930,806,3.83,7,332.6,27,4.1,30.6,55.6,86.67,Smooth
2024-04-13,Morning,M017,O046,Blend,1134,924,3.56,12,378.7,26,10.1,24.7,77.5,81.48,Smooth
2024-03-19,Morning,M015,O016,Cotton,1137,1129,2.15,0,380.38,13,7.7,25.4,63.9,99.3,Humidity Issue
2024-01-20,Night,M020,O034,Cotton,1184,987,7.71,1,358.99,29,10.5,29.0,57.4,83.36,Smooth
2024-04-06,Night,M009,O007,Polyester,1106,883,8.19,16,295.61,29,5.7,32.8,43.7,79.84,Smooth
2024-03-01,Afternoon,M012,O030,Polyester,880,938,1.37,30,284.03,29,13.2,29.3,69.3,106.59,Humidity Issue
2024-02-19,Night,M017,O049,Cotton,990,1012,6.59,11,327.31,29,3.7,31.9,79.5,102.22,Smooth
2024-03-08,Afternoon,M013,O036,Cotton,863,929,0.39,12,390.92,10,10.6,30.4,51.9,107.65,Smooth
2024-04-14,Morning,M017,O019,Blend,976,1044,9.71,28,406.45,45,5.1,29.8,73.2,106.97,Smooth
2024-02-13,Night,M008,O038,Blend,912,651,5.96,2,297.88,25,1.4,33.8,52.6,71.38,Low Quality Yarn
2024-02-06,Night,M001,O041,Blend,839,768,7.91,3,393.39,26,3.9,30.8,41.0,91.54,Smooth
2024-02-04,Night,M011,O016,Blend,1171,1227,0.21,20,385.67,51,15.0,30.1,54.0,104.78,Operator Absent
2024-04-16,Night,M010,O016,Cotton,819,824,4.02,6,395.99,40,11.6,30.9,56.7,100.61,Operator Absent
2024-02-13,Afternoon,M017,O005,Blend,933,810,7.38,2,334.98,17,4.8,27.6,49.3,86.82,Smooth
2024-02-25,Morning,M003,O018,Polyester,895,641,0.18,43,253.32,23,3.7,26.4,78.0,71.62,Power Cut
2024-02-27,Night,M012,O015,Cotton,1144,1160,0.89,5,465.49,19,14.9,28.0,49.3,101.4,Operator Absent
2024-01-23,Morning,M017,O028,Cotton,851,916,6.5,9,271.5,15,3.7,30.2,47.5,107.64,Smooth
2024-01-09,Morning,M017,O021,Cotton,1087,1099,3.5,0,331.33,44,10.6,26.5,46.2,101.1,Smooth
2024-03-08,Morning,M018,O039,Cotton,838,860,2.24,2,467.87,28,1.8,32.8,75.1,102.63,Smooth
2024-04-11,Night,M012,O007,Polyester,991,798,1.3,21,377.17,25,1.8,33.3,56.3,80.52,Smooth
2024-02-21,Morning,M016,O047,Polyester,1152,978,2.6,12,307.95,18,10.4,30.0,43.0,84.9,Operator Absent
2024-02-04,Afternoon,M007,O015,Blend,1029,1070,4.95,6,410.28,25,10.3,31.0,62.6,103.98,Smooth
2024-03-31,Night,M006,O037,Cotton,1115,899,8.79,15,396.65,40,10.8,31.3,73.5,80.63,Smooth
2024-02-11,Night,M016,O013,Polyester,928,908,6.8,9,317.54,41,13.1,31.4,41.2,97.84,Smooth
2024-01-17,Morning,M005,O011,Polyester,1121,1154,1.29,4,315.52,49,12.6,31.5,60.3,102.94,Humidity Issue
2024-01-28,Afternoon,M012,O012,Cotton,1144,803,2.87,9,351.23,16,9.7,30.3,61.6,70.19,Smooth
2024-03-18,Night,M017,O027,Cotton,897,907,1.07,14,376.9,21,9.7,30.1,77.3,101.11,Breakdown
2024-01-01,Morning,M018,O048,Cotton,1083,802,9.37,11,340.68,30,1.5,28.8,63.3,74.05,Smooth
2024-03-29,Morning,M010,O020,Polyester,1059,887,6.21,0,368.36,9,0.8,28.4,52.9,83.76,Smooth
2024-02-28,Afternoon,M019,O032,Polyester,1196,1070,7.7,11,264.95,53,6.7,28.8,58.1,89.46,Smooth
2024-03-29,Night,M006,O015,Cotton,1149,879,7.95,11,406.09,18,14.3,33.9,46.0,76.5,Smooth
2024-03-05,Night,M001,O009,Cotton,1033,901,9.44,5,288.64,18,14.8,35.0,56.4,87.22,Low Quality Yarn
2024-01-01,Afternoon,M002,O001,Blend,1037,1096,2.3,2,353.71,27,13.0,29.3,58.9,105.69,Breakdown
2024-03-12,Night,M010,O022,Cotton,987,1073,1.86,20,385.39,46,11.5,32.2,65.0,108.71,Smooth
2024-03-21,Morning,M004,O037,Cotton,1171,881,0.33,25,412.46,25,2.2,31.5,45.0,75.23,Smooth
2024-03-27,Night,M008,O006,Polyester,1189,1158,4.3,2,312.96,38,4.4,30.0,71.9,97.39,Smooth
2024-04-14,Night,M001,O050,Cotton,1144,942,4.55,0,341.35,27,9.2,27.9,51.7,82.34,Smooth
2024-01-09,Morning,M016,O002,Cotton,951,930,8.6,15,348.79,13,4.0,28.3,79.5,97.79,Smooth
2024-04-12,Afternoon,M006,O020,Blend,881,666,4.99,9,376.24,6,5.2,35.3,60.7,75.6,Humidity Issue
2024-01-29,Night,M008,O049,Cotton,1053,774,3.51,0,341.05,11,8.7,27.8,67.6,73.5,Smooth
2024-03-31,Afternoon,M019,O039,Cotton,1101,1123,2.0,1,363.78,42,1.0,27.6,77.4,102.0,Smooth
2024-01-31,Night,M017,O024,Blend,985,709,5.41,12,369.66,29,5.4,32.0,72.6,71.98,Smooth
2024-01-05,Afternoon,M016,O015,Cotton,1169,855,8.95,7,340.1,30,8.1,34.0,69.3,73.14,Smooth
2024-02-13,Afternoon,M004,O045,Cotton,873,639,0.6,2,298.42,26,10.1,28.4,59.9,73.2,Smooth
2024-02-17,Morning,M003,O047,Cotton,1123,1035,7.19,2,293.61,38,1.5,31.7,41.2,92.16,Humidity Issue
2024-02-24,Morning,M006,O047,Polyester,807,648,4.63,20,396.64,17,5.5,32.6,54.8,80.3,Smooth
2024-01-31,Afternoon,M001,O021,Polyester,867,949,0.4,20,271.91,37,7.6,36.0,74.9,109.46,Smooth
2024-02-10,Afternoon,M001,O005,Cotton,983,1042,4.22,3,390.02,19,9.5,30.5,65.3,106.0,Smooth
2024-01-04,Night,M017,O041,Cotton,1017,1010,1.32,12,366.19,29,4.1,29.1,74.8,99.31,Smooth
2024-02-18,Night,M002,O002,Polyester,1004,881,5.15,4,292.22,22,14.6,31.0,50.3,87.75,Smooth
2024-04-18,Afternoon,M019,O008,Cotton,1071,1031,3.25,14,272.21,13,3.0,29.2,60.8,96.27,Smooth
2024-04-28,Night,M014,O032,Polyester,1003,837,8.29,5,382.45,32,2.9,25.8,46.7,83.45,Smooth
2024-02-09,Afternoon,M004,O036,Cotton,1188,849,7.36,10,410.73,35,9.0,29.7,74.7,71.46,Smooth
2024-04-30,Night,M012,O013,Blend,859,672,1.12,3,352.42,31,1.1,27.9,44.9,78.23,Low Quality Yarn
2024-04-30,Afternoon,M016,O020,Polyester,982,865,9.34,3,320.56,13,14.8,30.0,78.6,88.09,Smooth
2024-01-31,Morning,M001,O010,Blend,1094,767,9.52,10,343.32,23,7.6,33.3,66.7,70.11,Smooth
2024-03-14,Night,M020,O043,Polyester,1043,788,0.3,3,303.08,29,14.6,31.9,43.8,75.55,Smooth
2024-03-12,Night,M002,O036,Polyester,928,899,4.44,20,377.36,39,14.2,27.2,67.3,96.88,Low Quality Yarn
2024-03-27,Night,M014,O020,Cotton,935,840,6.18,20,327.55,39,10.5,30.2,67.1,89.84,Smooth
2024-01-05,Afternoon,M009,O027,Polyester,1056,830,6.59,5,311.42,30,15.0,30.9,41.9,78.6,Smooth
2024-03-11,Afternoon,M020,O025,Cotton,944,1029,4.07,20,367.03,40,13.2,34.3,56.2,109.0,Humidity Issue
2024-03-03,Night,M009,O003,Blend,1073,891,6.68,16,386.07,24,12.4,31.9,44.8,83.04,Smooth
2024-03-30,Night,M020,O028,Polyester,904,829,0.06,3,286.1,31,6.1,25.1,57.9,91.7,Smooth
2024-01-11,Afternoon,M015,O005,Polyester,1044,829,3.73,2,358.48,30,9.5,27.9,58.5,79.41,Smooth
2024-01-13,Night,M005,O032,Polyester,830,707,8.63,7,327.29,16,6.0,29.9,56.0,85.18,Breakdown
2024-02-15,Afternoon,M012,O015,Blend,1141,1063,5.34,9,384.0,41,14.4,31.7,40.7,93.16,Smooth
2024-03-15,Afternoon,M004,O014,Cotton,945,735,0.08,10,337.37,34,1.4,31.2,77.4,77.78,Smooth
2024-02-07,Afternoon,M017,O040,Blend,939,789,1.01,6,306.47,17,12.1,27.0,61.6,84.03,Smooth
2024-04-03,Afternoon,M011,O003,Polyester,938,773,6.1,12,319.83,11,3.1,25.2,67.2,82.41,Smooth
2024-02-15,Morning,M013,O049,Cotton,975,753,5.25,12,358.02,15,14.5,27.2,59.3,77.23,Smooth
2024-03-02,Morning,M002,O039,Polyester,907,927,5.5,0,373.6,31,12.4,30.4,75.4,102.21,Power Cut
2024-03-12,Morning,M007,O038,Polyester,943,746,2.12,9,407.47,34,5.6,29.1,49.5,79.11,Smooth
2024-02-03,Afternoon,M011,O006,Polyester,869,879,2.75,17,440.98,12,9.5,27.5,58.1,101.15,Humidity Issue
2024-03-15,Morning,M002,O039,Polyester,974,910,1.68,13,332.29,12,0.8,31.4,65.7,93.43,Smooth
2024-01-22,Night,M009,O011,Cotton,915,862,5.47,2,422.97,25,14.8,24.9,45.5,94.21,Smooth
2024-02-17,Night,M010,O035,Blend,945,924,4.04,5,398.82,45,2.4,33.3,44.2,97.78,Smooth
2024-03-11,Afternoon,M016,O011,Blend,912,902,5.78,3,294.96,21,1.5,27.9,60.8,98.9,Smooth
2024-03-21,Night,M016,O016,Blend,1019,740,8.0,2,401.55,26,8.2,30.3,53.0,72.62,Smooth
2024-04-24,Afternoon,M007,O010,Blend,1140,949,6.69,51,384.75,37,7.2,35.8,42.4,83.25,Smooth
2024-03-14,Morning,M018,O037,Polyester,1129,1044,9.58,1,300.47,32,1.9,31.9,58.0,92.47,Low Quality Yarn
2024-04-26,Morning,M004,O012,Blend,1112,1114,3.48,10,323.3,17,14.9,25.8,77.1,100.18,Smooth
2024-03-24,Morning,M005,O035,Blend,949,869,8.42,7,312.54,34,2.4,30.7,73.0,91.57,Smooth
2024-02-06,Afternoon,M018,O037,Blend,901,912,7.09,0,296.47,22,1.8,27.3,77.5,101.22,Smooth
2024-03-13,Morning,M004,O007,Cotton,1095,1009,3.06,5,457.79,30,13.8,26.6,59.9,92.15,Humidity Issue
2024-03-13,Morning,M010,O035,Cotton,1139,1249,8.51,2,328.07,56,13.1,33.5,72.2,109.66,Operator Absent
2024-03-13,Morning,M013,O009,Blend,837,850,3.05,0,290.6,32,5.5,28.9,79.0,101.55,Humidity Issue
2024-01-07,Afternoon,M007,O039,Polyester,1103,1054,8.22,1,473.24,42,3.0,29.1,60.1,95.56,Smooth
2024-04-26,Night,M002,O006,Cotton,1031,886,1.46,4,375.39,24,5.0,30.2,60.2,85.94,Smooth
2024-02-19,Night,M016,O044,Blend,1191,1043,1.06,10,377.01,37,2.7,26.2,42.5,87.57,Breakdown
2024-01-18,Morning,M005,O049,Blend,882,892,4.6,0,321.82,13,4.9,28.8,44.0,101.13,Low Quality Yarn
2024-01-21,Night,M004,O045,Polyester,1196,1168,0.62,7,273.29,40,8.1,32.7,57.0,97.66,Power Cut
2024-02-26,Morning,M013,O018,Cotton,1150,865,8.87,5,324.64,22,12.5,26.5,69.3,75.22,Power Cut
2024-04-13,Morning,M003,O008,Blend,964,971,0.11,5,330.42,19,11.5,30.0,45.5,100.73,Low Quality Yarn
2024-04-25,Night,M020,O049,Polyester,1124,1027,2.15,0,300.29,32,7.1,29.9,73.8,91.37,Smooth
2024-02-02,Night,M013,O021,Cotton,1064,786,4.88,1,408.41,22,6.0,27.4,55.8,73.87,Smooth
2024-03-08,Afternoon,M004,O007,Polyester,876,774,7.85,22,407.12,21,4.2,26.6,73.6,88.36,Smooth
2024-04-02,Afternoon,M012,O007,Polyester,1131,809,9.02,6,420.53,37,9.7,33.6,64.6,71.53,Operator Absent
2024-01-17,Night,M001,O011,Polyester,1029,747,5.18,1,354.43,27,1.1,35.2,43.4,72.59,Smooth
2024-03-31,Night,M013,O002,Cotton,1137,1121,0.72,0,309.88,24,5.6,33.9,71.0,98.59,Low Quality Yarn
2024-03-14,Night,M020,O040,Blend,930,897,1.85,1,364.13,36,4.3,27.9,40.8,96.45,Breakdown
2024-01-01,Night,M020,O045,Polyester,1045,765,9.68,3,380.36,19,3.5,33.9,44.9,73.21,Breakdown
2024-04-30,Afternoon,M007,O029,Polyester,834,788,7.75,10,320.83,38,12.1,30.1,51.7,94.48,Smooth
2024-01-13,Morning,M003,O047,Cotton,1200,1310,6.02,8,387.29,47,2.4,31.8,53.5,109.17,Smooth
2024-01-09,Afternoon,M001,O006,Blend,885,948,2.25,4,263.11,32,14.2,24.2,49.6,107.12,Smooth
2024-03-12,Afternoon,M017,O012,Blend,1136,850,1.97,21,282.97,36,13.0,32.7,73.9,74.82,Smooth
2024-02-15,Morning,M009,O024,Cotton,868,926,2.52,14,410.69,36,11.8,29.6,66.2,106.68,Breakdown
2024-04-29,Afternoon,M016,O024,Polyester,1104,851,5.45,41,345.28,33,12.4,29.7,48.5,77.08,Operator Absent
2024-03-23,Night,M004,O046,Polyester,888,801,8.41,13,465.02,24,4.8,33.2,62.6,90.2,Smooth
2024-02-24,Morning,M006,O047,Cotton,1185,1156,8.73,10,318.88,32,0.6,31.4,49.9,97.55,Smooth
2024-04-10,Morning,M017,O009,Cotton,951,942,9.92,1,414.4,17,8.5,28.7,69.3,99.05,Smooth
2024-03-17,Morning,M017,O019,Polyester,1070,1012,1.88,4,363.9,10,11.5,34.4,41.4,94.58,Humidity Issue
2024-02-21,Night,M020,O015,Cotton,1129,1127,2.02,31,277.51,17,4.9,26.7,75.1,99.82,Smooth
2024-03-16,Night,M002,O004,Polyester,1127,1238,3.68,5,379.45,41,6.2,31.0,56.5,109.85,Smooth
2024-04-30,Afternoon,M019,O005,Cotton,1047,1024,0.03,9,408.33,14,9.0,28.3,59.2,97.8,Humidity Issue
2024-01-02,Afternoon,M005,O025,Blend,1179,1128,0.65,8,443.07,38,10.3,35.7,72.2,95.67,Breakdown
2024-01-05,Morning,M010,O036,Cotton,1051,849,8.25,6,405.8,32,11.9,28.1,60.7,80.78,Smooth
2024-04-02,Morning,M014,O001,Polyester,804,704,1.47,3,307.84,13,9.2,29.6,69.4,87.56,Smooth
2024-01-02,Afternoon,M013,O006,Blend,949,1043,9.33,10,443.09,43,2.2,26.8,56.4,109.91,Humidity Issue
2024-02-09,Afternoon,M017,O001,Blend,1187,1229,3.84,8,287.33,30,5.4,31.0,41.0,103.54,Smooth
2024-04-22,Night,M019,O048,Cotton,1087,771,8.32,3,255.2,36,4.3,30.5,57.2,70.93,Smooth
2024-01-03,Night,M008,O027,Blend,1188,1246,8.42,2,340.39,36,2.4,34.2,43.2,104.88,Smooth
2024-01-01,Night,M011,O047,Cotton,919,910,4.96,5,395.01,14,9.3,32.3,45.4,99.02,Humidity Issue
2024-02-07,Morning,M009,O030,Blend,929,929,6.57,31,301.18,18,13.6,27.3,50.0,100.0,Smooth
2024-01-30,Morning,M013,O020,Blend,954,771,7.59,5,323.7,9,13.6,30.0,45.6,80.82,Smooth
2024-03-05,Night,M004,O002,Polyester,865,789,4.11,4,362.35,25,14.1,30.3,42.1,91.21,Smooth
2024-01-20,Morning,M020,O048,Polyester,831,720,2.6,13,294.48,23,7.2,31.7,78.9,86.64,Low Quality Yarn
2024-02-04,Morning,M004,O046,Blend,992,935,3.5,1,328.66,18,12.8,28.4,62.4,94.25,Smooth
2024-04-05,Afternoon,M006,O050,Polyester,1056,960,1.15,19,335.22,36,8.4,30.5,43.3,90.91,Power Cut
2024-02-04,Morning,M017,O016,Cotton,1146,1012,4.85,1,327.58,26,9.9,36.0,61.8,88.31,Humidity Issue
2024-02-11,Afternoon,M015,O037,Polyester,844,611,5.13,16,317.64,25,3.4,29.8,50.3,72.39,Smooth
2024-01-03,Morning,M013,O046,Blend,957,732,3.3,14,277.69,33,13.3,30.3,74.8,76.49,Smooth
2024-03-08,Night,M016,O046,Polyester,855,680,4.51,41,346.95,31,8.3,27.8,59.9,79.53,Smooth
2024-04-06,Morning,M001,O002,Cotton,943,699,6.57,17,415.47,33,3.5,28.3,60.9,74.13,Humidity Issue
2024-02-05,Morning,M018,O030,Polyester,1038,845,7.93,8,409.41,21,13.8,31.6,61.3,81.41,Smooth
2024-04-14,Night,M010,O004,Cotton,1091,832,6.96,15,391.69,38,4.5,28.7,79.3,76.26,Smooth
2024-03-26,Morning,M016,O026,Polyester,1044,789,2.02,2,364.9,12,6.9,32.3,64.6,75.57,Low Quality Yarn
2024-04-06,Afternoon,M001,O020,Cotton,1063,779,8.82,16,376.06,20,14.8,30.0,66.7,73.28,Smooth
2024-04-16,Night,M004,O025,Polyester,1005,958,1.66,21,290.55,10,8.6,29.2,61.1,95.32,Smooth
2024-02-03,Night,M016,O008,Cotton,975,963,8.9,0,309.73,42,12.4,31.8,61.6,98.77,Breakdown
2024-01-29,Night,M005,O042,Cotton,1057,1040,3.14,6,341.73,25,7.7,33.9,73.1,98.39,Smooth
2024-02-17,Night,M006,O030,Blend,1123,936,1.74,12,321.74,22,7.0,28.8,70.0,83.35,Operator Absent
2024-03-08,Morning,M018,O024,Polyester,1136,1091,6.21,4,344.85,53,9.7,33.7,45.1,96.04,Smooth
2024-01-27,Afternoon,M015,O011,Polyester,932,904,3.25,11,329.9,39,4.5,31.6,65.7,97.0,Humidity Issue
2024-04-18,Night,M003,O047,Polyester,1038,1014,5.13,3,401.43,48,13.1,26.0,70.6,97.69,Smooth
2024-02-07,Night,M020,O014,Polyester,857,870,6.65,3,363.63,28,2.1,32.0,57.9,101.52,Low Quality Yarn
2024-01-06,Night,M002,O043,Cotton,931,823,8.65,7,362.65,11,6.6,29.8,41.7,88.4,Power Cut
2024-04-01,Morning,M003,O050,Blend,935,931,9.18,3,328.24,43,11.4,32.3,72.2,99.57,Smooth
2024-02-04,Morning,M012,O006,Polyester,1076,760,9.63,12,394.43,16,13.2,28.4,44.5,70.63,Humidity Issue
2024-02-13,Night,M019,O017,Polyester,1090,1069,5.41,1,255.74,36,4.8,29.1,52.0,98.07,Smooth
2024-02-24,Afternoon,M015,O005,Cotton,1076,1073,0.48,23,371.42,36,13.4,32.7,47.4,99.72,Smooth
2024-04-25,Night,M018,O015,Cotton,897,656,2.4,15,354.16,32,12.9,28.6,60.9,73.13,Smooth
2024-04-08,Afternoon,M004,O018,Polyester,1128,818,8.31,9,363.26,35,13.2,31.9,62.9,72.52,Low Quality Yarn
2024-03-16,Afternoon,M005,O050,Blend,1017,922,4.3,3,423.7,31,13.4,28.9,57.7,90.66,Smooth
2024-02-24,Morning,M017,O029,Cotton,923,870,6.31,8,299.28,26,2.0,32.3,55.4,94.26,Low Quality Yarn
2024-01-07,Night,M012,O029,Blend,872,780,6.52,30,423.95,23,9.7,31.8,42.8,89.45,Operator Absent
2024-02-10,Afternoon,M017,O044,Cotton,1081,866,3.62,6,338.99,15,9.4,23.8,51.2,80.11,Smooth
2024-01-30,Night,M012,O027,Cotton,916,717,5.17,0,404.22,23,7.9,28.3,51.7,78.28,Low Quality Yarn
2024-04-20,Night,M015,O027,Cotton,1141,1223,3.97,0,305.69,29,7.9,30.8,75.0,107.19,Breakdown
2024-01-24,Night,M018,O002,Blend,1066,956,7.02,49,330.04,24,6.6,28.0,56.4,89.68,Smooth
2024-01-31,Morning,M002,O032,Polyester,1000,1063,7.14,9,396.06,51,12.4,28.4,40.1,106.3,Smooth
2024-02-09,Night,M013,O020,Blend,952,908,0.51,2,357.24,34,2.2,28.2,55.4,95.38,Smooth
2024-02-27,Afternoon,M017,O032,Polyester,1194,1053,3.69,1,426.07,13,1.7,28.5,54.2,88.19,Low Quality Yarn
2024-02-09,Night,M006,O039,Cotton,833,896,6.69,11,408.81,9,9.7,24.8,76.5,107.56,Breakdown
2024-01-24,Morning,M001,O013,Cotton,832,786,8.74,12,352.92,12,0.7,27.8,56.9,94.47,Smooth
2024-04-11,Afternoon,M016,O010,Blend,1140,932,4.86,8,252.03,36,10.0,32.2,73.8,81.75,Smooth
2024-01-26,Afternoon,M013,O035,Polyester,1049,1024,4.3,11,302.81,42,7.0,26.7,71.9,97.62,Smooth
2024-02-04,Morning,M005,O050,Blend,968,996,8.58,24,259.03,33,5.9,27.9,64.0,102.89,Smooth
2024-02-19,Afternoon,M013,O002,Blend,1178,1157,6.88,4,337.34,18,13.4,26.4,53.8,98.22,Smooth
2024-02-27,Afternoon,M014,O037,Polyester,991,754,0.25,10,279.37,9,6.4,33.6,52.4,76.08,Low Quality Yarn
2024-01-10,Night,M001,O042,Polyester,928,900,6.06,4,444.57,14,7.5,28.6,41.1,96.98,Smooth
2024-03-03,Afternoon,M004,O040,Blend,890,802,9.64,4,295.09,8,11.5,28.9,58.3,90.11,Humidity Issue
2024-04-02,Morning,M020,O049,Polyester,1098,895,9.0,1,345.33,40,9.2,30.7,73.1,81.51,Humidity Issue
2024-01-25,Afternoon,M002,O050,Cotton,835,913,2.88,32,273.02,21,8.4,25.5,46.2,109.34,Smooth
2024-03-13,Morning,M012,O036,Cotton,894,823,5.42,14,339.04,18,4.3,33.7,47.8,92.06,Smooth
2024-02-21,Afternoon,M003,O045,Cotton,1103,797,3.42,3,353.06,19,8.9,31.5,45.6,72.26,Smooth
2024-03-01,Afternoon,M014,O034,Blend,919,806,6.26,6,364.59,26,9.5,32.7,48.1,87.7,Smooth
2024-02-04,Morning,M015,O043,Polyester,843,723,0.39,6,273.77,35,13.7,30.7,68.9,85.77,Low Quality Yarn
2024-04-30,Night,M017,O045,Blend,862,787,8.7,1,331.91,32,4.5,30.8,75.1,91.3,Smooth
2024-01-05,Afternoon,M001,O041,Polyester,882,950,1.49,6,349.33,42,9.0,31.2,55.0,107.71,Humidity Issue
2024-04-14,Night,M014,O016,Polyester,962,783,2.03,14,362.02,23,8.9,22.7,74.6,81.39,Smooth
2024-03-11,Morning,M004,O026,Cotton,956,1044,4.08,17,370.73,50,3.4,34.5,44.4,109.21,Low Quality Yarn
2024-01-03,Night,M006,O044,Cotton,1015,1057,4.39,18,343.24,32,9.6,33.0,77.1,104.14,Smooth
2024-04-03,Afternoon,M018,O023,Cotton,1019,721,4.77,11,397.6,11,4.8,33.3,54.3,70.76,Power Cut
2024-02-24,Afternoon,M017,O011,Polyester,831,849,2.79,2,323.22,8,11.2,32.6,73.4,102.17,Operator Absent
2024-02-29,Night,M003,O001,Polyester,1194,1189,1.43,14,384.86,48,12.8,33.5,64.5,99.58,Humidity Issue
2024-02-25,Night,M018,O027,Cotton,863,634,4.88,0,267.99,8,5.6,25.1,44.4,73.46,Humidity Issue
2024-02-20,Afternoon,M017,O013,Polyester,1126,1152,9.48,0,351.51,25,1.6,31.8,60.0,102.31,Humidity Issue
2024-04-26,Night,M005,O001,Polyester,970,987,7.07,0,341.93,21,3.9,27.9,51.2,101.75,Smooth
2024-04-30,Afternoon,M010,O030,Polyester,1141,1165,9.29,5,336.08,33,3.8,31.9,65.6,102.1,Power Cut
2024-03-06,Afternoon,M014,O020,Blend,853,931,6.03,4,307.27,42,7.8,31.0,58.0,109.14,Smooth
2024-02-02,Night,M002,O005,Blend,881,823,6.25,0,294.73,31,12.4,32.3,72.2,93.42,Humidity Issue
2024-02-17,Night,M003,O038,Blend,808,744,5.2,1,313.06,22,4.6,32.7,45.4,92.08,Operator Absent
2024-03-31,Morning,M010,O037,Polyester,845,804,0.54,13,318.69,16,10.8,30.0,42.5,95.15,Humidity Issue
2024-03-04,Morning,M010,O038,Blend,1039,1076,0.04,2,307.08,15,5.7,33.4,50.8,103.56,Smooth
2024-01-22,Night,M016,O026,Cotton,990,1026,3.13,15,342.02,47,6.0,32.8,78.6,103.64,Operator Absent
2024-04-10,Morning,M020,O049,Cotton,1129,830,6.87,6,428.44,31,0.6,26.0,46.7,73.52,Smooth
2024-02-26,Night,M006,O039,Blend,1066,1050,6.66,33,297.23,14,11.8,33.2,65.8,98.5,Operator Absent
2024-01-15,Afternoon,M013,O042,Blend,1044,750,3.6,31,208.37,21,3.5,30.1,54.7,71.84,Smooth
2024-02-25,Afternoon,M017,O013,Cotton,829,702,0.52,14,411.76,30,3.6,29.0,66.3,84.68,Breakdown
2024-03-25,Afternoon,M018,O027,Blend,1040,924,8.8,2,398.55,20,2.5,34.8,66.1,88.85,Breakdown
2024-03-17,Afternoon,M017,O032,Polyester,1197,1191,3.16,10,427.4,21,13.4,27.7,51.5,99.5,Smooth
2024-04-10,Morning,M012,O015,Blend,899,761,0.58,1,262.81,33,0.7,30.4,55.2,84.65,Low Quality Yarn
2024-01-04,Afternoon,M015,O043,Cotton,826,689,0.19,1,339.1,18,8.2,22.1,63.8,83.41,Smooth
2024-01-19,Night,M006,O023,Polyester,1102,775,4.64,33,450.9,17,11.7,30.6,70.9,70.33,Humidity Issue
2024-03-25,Morning,M015,O021,Blend,853,774,9.76,1,338.12,15,0.8,30.6,51.7,90.74,Smooth
2024-02-29,Afternoon,M004,O008,Polyester,867,875,5.18,4,399.43,42,12.8,25.9,40.9,100.92,Power Cut
2024-02-06,Afternoon,M002,O044,Blend,866,917,7.83,15,236.33,20,1.5,27.2,49.1,105.89,Power Cut
2024-04-28,Night,M012,O031,Cotton,1150,918,4.84,13,315.25,44,14.2,29.9,71.4,79.83,Low Quality Yarn
2024-03-03,Night,M006,O004,Blend,951,1042,5.44,32,339.71,19,3.3,28.0,45.6,109.57,Humidity Issue
2024-03-08,Night,M011,O041,Blend,1100,1043,7.81,8,366.29,36,6.1,28.9,67.0,94.82,Power Cut
2024-03-25,Afternoon,M019,O031,Blend,900,723,3.45,24,336.85,32,10.8,24.5,42.5,80.33,Smooth
2024-04-06,Afternoon,M008,O036,Blend,1045,793,0.08,9,295.55,38,8.2,29.5,49.7,75.89,Operator Absent
2024-01-06,Morning,M011,O010,Cotton,1055,949,6.8,0,392.08,26,8.4,28.1,57.3,89.95,Breakdown
2024-03-25,Morning,M018,O019,Cotton,858,615,1.66,5,372.39,12,14.4,31.1,47.9,71.68,Smooth
2024-01-13,Afternoon,M014,O033,Polyester,1054,1138,9.95,12,352.4,23,6.8,31.0,63.7,107.97,Smooth
2024-01-15,Night,M009,O043,Polyester,1068,778,6.22,39,377.44,36,14.2,28.3,78.4,72.85,Smooth
2024-04-15,Night,M010,O031,Blend,968,879,9.77,14,345.76,34,4.1,26.3,65.6,90.81,Humidity Issue
2024-04-25,Afternoon,M014,O020,Blend,886,856,1.63,8,349.68,8,0.6,34.7,54.3,96.61,Smooth
2024-04-15,Afternoon,M001,O018,Blend,1059,1133,2.29,10,315.22,49,11.1,26.7,43.8,106.99,Low Quality Yarn
2024-04-19,Afternoon,M003,O047,Blend,824,718,0.29,6,310.19,15,6.3,31.0,76.8,87.14,Smooth
2024-01-28,Night,M018,O014,Blend,1136,1246,0.45,14,282.79,50,13.8,25.2,78.0,109.68,Low Quality Yarn
2024-04-12,Morning,M011,O023,Cotton,1009,939,3.57,15,370.32,22,10.0,25.3,49.6,93.06,Breakdown
2024-02-15,Afternoon,M016,O030,Cotton,963,747,9.18,1,273.69,8,1.0,30.1,47.0,77.57,Smooth
2024-04-28,Morning,M008,O043,Cotton,918,960,2.82,30,272.99,31,8.0,36.0,70.4,104.58,Low Quality Yarn
2024-01-14,Afternoon,M003,O048,Cotton,963,782,3.53,22,420.55,22,7.7,28.8,48.2,81.2,Smooth
2024-01-26,Night,M001,O001,Polyester,1061,993,1.86,4,331.69,12,1.5,31.3,77.6,93.59,Humidity Issue
2024-03-05,Night,M009,O042,Polyester,1004,906,4.09,16,326.07,34,11.7,32.9,66.2,90.24,Smooth
2024-03-26,Afternoon,M017,O006,Polyester,1099,835,8.76,7,321.36,9,2.4,25.0,70.6,75.98,Breakdown
2024-04-17,Night,M016,O015,Polyester,893,625,4.17,7,313.42,13,3.8,26.9,40.1,69.99,Smooth
2024-04-13,Afternoon,M007,O003,Cotton,1036,1027,9.67,2,410.87,45,6.6,32.5,52.1,99.13,Smooth
2024-02-21,Morning,M003,O050,Blend,1073,890,7.13,16,326.99,41,12.2,26.6,79.4,82.95,Smooth
2024-03-05,Night,M004,O010,Polyester,1052,1053,3.93,8,320.08,33,10.8,30.7,46.7,100.1,Smooth
2024-02-24,Night,M005,O026,Cotton,1144,1158,5.84,30,270.58,44,11.5,32.4,44.1,101.22,Breakdown
2024-01-03,Night,M016,O050,Cotton,1136,1028,5.09,4,404.1,29,13.9,33.0,67.8,90.49,Smooth
2024-01-12,Morning,M008,O044,Cotton,805,798,8.62,3,323.2,19,5.4,31.6,79.1,99.13,Humidity Issue
2024-04-08,Morning,M003,O019,Polyester,1082,1128,7.01,12,381.68,33,6.0,30.3,46.5,104.25,Breakdown
2024-01-24,Morning,M020,O043,Cotton,1175,1192,7.34,4,346.99,23,10.7,31.4,72.7,101.45,Smooth
2024-04-10,Night,M014,O005,Blend,961,882,9.67,0,440.96,39,3.1,30.1,72.0,91.78,Breakdown
2024-03-24,Morning,M010,O002,Polyester,1149,1058,3.97,1,294.14,47,10.3,27.0,71.9,92.08,Operator Absent
2024-03-25,Morning,M007,O043,Polyester,1012,809,6.25,8,353.49,17,4.9,28.1,54.1,79.94,Smooth
2024-02-15,Night,M013,O041,Polyester,997,945,3.34,13,315.74,39,4.6,29.5,57.3,94.78,Smooth
2024-03-04,Night,M008,O031,Blend,924,900,3.32,0,377.05,32,10.2,29.5,65.3,97.4,Smooth
2024-01-15,Morning,M020,O017,Cotton,973,758,4.18,13,335.29,15,6.8,28.4,79.2,77.9,Breakdown
2024-03-23,Afternoon,M008,O008,Cotton,1011,734,5.19,1,425.68,28,6.6,28.2,53.9,72.6,Smooth
2024-04-23,Afternoon,M015,O047,Blend,977,839,2.64,2,262.63,18,10.0,29.6,78.7,85.88,Smooth
2024-03-02,Night,M006,O036,Blend,1027,966,0.77,0,345.83,13,9.2,30.6,64.9,94.06,Smooth
2024-01-06,Morning,M004,O042,Polyester,922,884,2.67,0,409.5,30,5.0,33.0,50.8,95.88,Smooth
2024-03-03,Afternoon,M017,O016,Cotton,1047,983,8.66,29,339.25,32,10.7,30.8,67.2,93.89,Smooth
2024-02-17,Morning,M015,O023,Blend,931,803,0.15,8,333.64,38,6.3,25.1,73.6,86.25,Smooth
2024-01-29,Night,M013,O030,Polyester,831,644,6.72,37,306.78,25,13.8,29.6,57.4,77.5,Smooth
2024-03-29,Night,M004,O029,Cotton,1138,914,4.34,12,350.79,31,9.7,29.7,49.7,80.32,Smooth
2024-01-26,Night,M004,O050,Polyester,900,887,0.91,2,367.96,9,4.1,31.7,48.6,98.56,Humidity Issue
2024-03-06,Night,M018,O012,Cotton,1157,935,2.48,0,435.25,32,10.3,29.1,43.2,80.81,Smooth
2024-01-05,Afternoon,M012,O041,Cotton,1156,1249,8.38,16,279.98,43,11.3,30.6,69.5,108.04,Smooth
2024-04-27,Afternoon,M001,O020,Blend,1008,915,0.68,4,357.69,28,4.4,32.3,54.7,90.77,Smooth
2024-02-15,Afternoon,M008,O043,Cotton,917,970,6.66,15,457.07,19,10.7,27.7,57.1,105.78,Smooth
2024-01-19,Night,M013,O042,Blend,1199,1051,6.49,27,326.05,11,4.9,24.7,60.1,87.66,Smooth
2024-04-04,Night,M004,O037,Cotton,806,582,4.91,26,362.6,15,10.0,28.9,50.4,72.21,Smooth
2024-04-14,Night,M012,O047,Polyester,891,680,1.6,0,377.14,30,12.3,26.9,67.4,76.32,Smooth
2024-01-21,Night,M006,O029,Blend,1171,871,2.89,3,354.98,27,5.7,25.0,54.2,74.38,Humidity Issue
2024-01-23,Afternoon,M007,O045,Cotton,981,1011,7.89,3,292.72,30,14.1,25.9,75.1,103.06,Breakdown
2024-01-11,Afternoon,M011,O049,Blend,955,707,3.93,8,279.97,31,10.3,30.0,73.5,74.03,Breakdown
2024-01-26,Night,M019,O011,Polyester,1155,1205,7.48,5,294.85,44,3.1,31.1,67.8,104.33,Smooth
2024-03-09,Afternoon,M020,O013,Cotton,1166,923,1.18,1,355.61,15,1.7,35.2,40.8,79.16,Smooth
2024-01-05,Morning,M006,O004,Polyester,1131,866,8.91,2,311.02,16,8.0,29.1,64.3,76.57,Power Cut
2024-03-30,Night,M018,O047,Blend,1151,918,0.58,4,313.15,44,9.4,27.9,62.3,79.76,Humidity Issue
2024-04-11,Morning,M005,O015,Cotton,873,756,4.29,7,404.3,12,7.8,33.2,56.5,86.6,Smooth
2024-01-02,Afternoon,M011,O006,Polyester,881,923,6.31,7,362.59,13,5.4,27.2,45.7,104.77,Low Quality Yarn
2024-02-19,Afternoon,M014,O040,Polyester,903,882,2.06,4,343.4,26,6.6,30.5,40.7,97.67,Smooth
2024-01-14,Night,M020,O040,Polyester,941,957,0.69,6,451.43,35,4.2,32.9,40.4,101.7,Smooth
2024-03-28,Afternoon,M008,O044,Polyester,972,961,5.36,18,368.07,28,5.3,31.0,71.7,98.87,Breakdown
2024-03-28,Afternoon,M020,O006,Polyester,1081,951,1.83,19,345.49,12,6.1,33.1,72.1,87.97,Smooth
2024-03-31,Night,M007,O031,Polyester,982,1041,2.03,0,336.21,32,14.5,32.8,42.7,106.01,Low Quality Yarn
2024-01-20,Morning,M015,O034,Cotton,996,955,0.74,4,335.26,47,8.6,34.0,52.8,95.88,Smooth
2024-03-04,Night,M001,O017,Blend,1015,799,3.51,4,340.66,22,11.0,28.1,66.3,78.72,Smooth
2024-03-11,Night,M011,O012,Blend,855,840,0.08,2,339.55,8,12.2,36.3,70.9,98.25,Power Cut
2024-01-03,Afternoon,M011,O016,Polyester,816,750,0.66,14,419.83,30,12.1,31.2,60.7,91.91,Humidity Issue
2024-02-08,Afternoon,M013,O005,Polyester,1143,864,6.71,9,313.97,15,13.4,31.6,70.0,75.59,Smooth
2024-01-22,Night,M015,O033,Polyester,815,866,7.59,9,389.21,28,9.7,30.9,46.3,106.26,Smooth
2024-03-19,Afternoon,M001,O017,Blend,877,780,7.16,3,318.48,15,3.6,27.0,57.0,88.94,Smooth
2024-03-30,Night,M004,O033,Cotton,1136,1207,5.07,2,361.11,30,12.4,28.6,66.4,106.25,Smooth
2024-01-31,Afternoon,M004,O008,Polyester,823,838,2.72,11,354.92,29,5.2,29.8,50.8,101.82,Smooth
2024-01-23,Night,M008,O043,Cotton,917,711,6.95,2,273.7,25,12.3,31.9,71.1,77.54,Smooth
2024-01-20,Night,M005,O029,Blend,1004,1008,1.88,0,302.53,27,1.0,34.3,50.4,100.4,Operator Absent
2024-04-23,Night,M001,O034,Polyester,1107,789,8.79,2,323.1,28,5.2,30.2,75.9,71.27,Smooth
2024-02-03,Night,M006,O007,Polyester,1149,1212,3.25,23,326.54,40,1.5,31.9,43.8,105.48,Power Cut
2024-04-25,Morning,M018,O010,Cotton,1025,1127,3.27,13,368.43,56,4.0,30.9,41.6,109.95,Smooth
2024-03-29,Night,M001,O027,Blend,879,759,1.3,0,410.74,24,5.0,28.2,66.2,86.35,Smooth
2024-02-04,Afternoon,M012,O044,Cotton,874,692,0.14,14,416.75,7,12.6,31.9,64.8,79.18,Breakdown
2024-04-09,Afternoon,M008,O040,Cotton,992,917,6.25,19,431.7,45,11.5,35.3,57.7,92.44,Power Cut
2024-03-04,Afternoon,M011,O016,Blend,962,945,3.89,2,385.18,44,5.5,30.5,61.1,98.23,Low Quality Yarn
2024-01-29,Afternoon,M001,O001,Polyester,836,655,9.96,39,405.92,25,9.1,31.6,42.1,78.35,Smooth
2024-03-01,Morning,M005,O003,Blend,824,726,6.75,11,377.91,12,7.8,29.5,67.6,88.11,Smooth
2024-02-11,Afternoon,M010,O047,Polyester,919,899,6.49,3,370.21,30,3.1,26.9,68.2,97.82,Humidity Issue
2024-04-26,Night,M008,O045,Blend,878,774,6.68,18,376.15,29,12.7,34.0,72.1,88.15,Smooth
2024-04-16,Night,M010,O008,Cotton,1129,1224,5.36,6,294.84,40,4.5,29.1,76.9,108.41,Power Cut
2024-01-17,Afternoon,M009,O007,Blend,1099,1025,5.93,4,309.63,35,13.3,29.6,75.3,93.27,Smooth
2024-04-10,Morning,M017,O047,Blend,840,809,2.11,19,341.68,31,4.7,30.6,72.1,96.31,Smooth
2024-03-31,Morning,M017,O024,Polyester,987,1084,0.3,22,364.43,31,12.8,30.2,42.5,109.83,Low Quality Yarn
2024-03-31,Afternoon,M005,O045,Cotton,858,715,0.67,37,367.15,33,1.7,30.9,55.4,83.33,Smooth
2024-04-16,Morning,M018,O031,Blend,1199,873,2.11,2,263.51,12,2.9,29.3,45.9,72.81,Smooth
2024-03-09,Morning,M013,O016,Cotton,1095,1192,7.59,34,264.89,49,5.2,28.6,52.0,108.86,Operator Absent
2024-01-18,Morning,M018,O040,Polyester,817,647,1.3,2,418.46,8,3.6,26.6,72.4,79.19,Smooth
2024-04-07,Afternoon,M002,O035,Blend,914,693,3.43,19,254.1,22,12.2,29.5,45.5,75.82,Smooth
2024-04-19,Morning,M005,O033,Blend,954,889,5.06,1,278.68,26,1.7,32.3,58.4,93.19,Smooth
2024-03-16,Afternoon,M008,O044,Cotton,1028,845,8.22,0,290.71,32,8.8,23.0,66.7,82.2,Breakdown
2024-04-06,Afternoon,M020,O042,Blend,1021,1032,8.62,3,411.19,51,13.4,30.4,54.9,101.08,Humidity Issue
2024-01-27,Morning,M016,O015,Blend,1091,848,4.89,13,183.76,36,5.7,25.6,74.4,77.73,Smooth
2024-03-10,Morning,M016,O008,Polyester,810,698,3.28,6,325.42,12,14.3,31.0,47.0,86.17,Smooth
2024-04-09,Morning,M017,O007,Polyester,919,851,5.79,6,288.34,27,5.9,32.0,66.5,92.6,Humidity Issue
2024-04-03,Afternoon,M003,O020,Cotton,1012,765,5.71,2,304.57,13,12.5,27.9,51.4,75.59,Humidity Issue
2024-01-01,Afternoon,M005,O019,Blend,1173,1256,9.7,8,332.5,52,5.8,27.0,43.5,107.08,Smooth
2024-04-20,Night,M001,O002,Blend,1162,1072,8.45,15,376.0,20,3.7,27.1,75.0,92.25,Breakdown
2024-01-16,Afternoon,M018,O023,Polyester,1159,927,2.63,0,364.81,32,11.4,31.1,46.1,79.98,Smooth
2024-01-31,Afternoon,M004,O043,Blend,840,741,3.51,0,391.46,8,4.7,29.9,48.3,88.21,Smooth
2024-02-12,Afternoon,M008,O043,Polyester,1014,806,9.08,6,429.55,13,7.6,29.4,57.2,79.49,Smooth
2024-04-02,Morning,M015,O045,Cotton,819,768,10.0,14,408.58,12,0.9,28.9,48.2,93.77,Smooth
2024-03-19,Morning,M018,O024,Polyester,829,693,5.11,9,351.06,20,1.2,32.7,41.4,83.59,Breakdown
2024-01-26,Morning,M018,O040,Blend,971,893,4.38,18,272.34,10,11.0,29.1,44.5,91.97,Smooth
2024-02-27,Morning,M002,O046,Blend,979,923,2.81,1,411.06,23,11.4,28.5,45.0,94.28,Operator Absent
2024-04-24,Morning,M011,O023,Cotton,869,876,2.37,11,387.14,22,1.5,30.3,40.8,100.81,Smooth
2024-02-20,Morning,M004,O014,Cotton,826,851,5.25,14,314.86,9,14.4,26.4,66.7,103.03,Smooth
2024-04-16,Morning,M017,O001,Polyester,1172,1257,2.65,9,291.39,55,14.2,33.4,75.4,107.25,Smooth
2024-03-12,Night,M015,O013,Polyester,826,822,2.77,3,399.56,28,14.9,33.1,52.5,99.52,Smooth
2024-03-08,Afternoon,M010,O022,Cotton,1008,842,0.79,5,308.99,36,14.1,26.2,47.4,83.53,Smooth
2024-02-15,Night,M005,O022,Cotton,1136,964,9.29,0,295.23,46,7.0,30.9,60.1,84.86,Smooth
2024-02-22,Night,M002,O048,Polyester,1078,860,4.71,10,391.24,28,13.6,32.4,72.7,79.78,Power Cut
2024-03-24,Afternoon,M010,O042,Cotton,956,958,0.56,0,381.77,25,6.3,26.6,75.4,100.21,Smooth
2024-01-26,Afternoon,M020,O003,Polyester,1174,1242,9.09,3,294.78,21,3.2,32.8,53.7,105.79,Smooth
2024-03-25,Morning,M010,O002,Cotton,1010,880,8.31,1,361.47,18,7.6,35.1,52.0,87.13,Smooth
2024-04-08,Morning,M008,O041,Polyester,977,916,4.34,1,356.14,42,5.5,27.0,69.3,93.76,Smooth
2024-03-09,Night,M016,O041,Polyester,1192,1148,9.32,17,445.47,52,6.3,32.4,53.1,96.31,Smooth
2024-03-27,Morning,M020,O015,Blend,991,697,8.27,16,358.86,19,2.2,27.3,79.2,70.33,Smooth
2024-03-03,Night,M001,O012,Blend,1185,931,0.67,9,371.17,13,3.0,36.2,62.7,78.57,Smooth
2024-02-26,Morning,M013,O022,Cotton,836,684,9.38,17,346.7,16,1.2,31.4,42.1,81.82,Smooth
2024-04-21,Morning,M005,O002,Cotton,952,929,4.58,2,279.18,30,5.7,32.0,72.9,97.58,Breakdown
2024-02-23,Morning,M010,O049,Polyester,887,912,4.77,4,407.68,21,3.5,28.4,43.4,102.82,Smooth
2024-02-15,Morning,M018,O038,Polyester,1065,944,4.82,18,322.22,39,12.4,26.1,55.4,88.64,Smooth
2024-04-04,Morning,M007,O010,Cotton,831,734,3.03,26,366.8,8,7.4,35.9,56.3,88.33,Humidity Issue
2024-02-12,Night,M004,O018,Polyester,842,643,6.56,35,436.17,8,6.6,31.5,44.7,76.37,Power Cut
2024-03-09,Afternoon,M019,O044,Polyester,805,760,9.38,10,339.18,24,6.3,28.1,73.3,94.41,Low Quality Yarn
2024-01-13,Morning,M006,O011,Blend,1078,1105,6.12,4,326.74,26,6.5,29.1,67.0,102.5,Smooth
2024-01-28,Afternoon,M005,O032,Cotton,988,951,0.7,5,331.15,40,1.1,29.0,56.8,96.26,Smooth
2024-04-21,Morning,M013,O048,Cotton,875,671,8.79,8,350.71,26,14.4,25.3,48.8,76.69,Smooth
2024-03-14,Morning,M005,O035,Blend,948,999,9.34,24,418.52,26,11.4,34.3,61.3,105.38,Power Cut
2024-03-30,Afternoon,M002,O020,Cotton,933,905,4.28,13,335.07,39,8.3,30.8,73.8,97.0,Smooth
2024-03-04,Afternoon,M008,O005,Cotton,1045,911,3.79,24,382.73,26,8.0,28.6,52.3,87.18,Breakdown
2024-03-18,Night,M020,O014,Blend,853,792,3.25,0,425.38,18,10.2,27.9,72.2,92.85,Smooth
2024-03-07,Night,M009,O024,Cotton,1155,1245,4.0,15,353.67,45,10.5,29.0,44.8,107.79,Smooth
2024-04-13,Morning,M010,O046,Polyester,990,1064,1.81,9,314.25,33,6.5,26.9,46.4,107.47,Smooth
2024-01-29,Afternoon,M008,O027,Blend,1053,809,4.18,14,307.98,8,10.1,29.3,64.1,76.83,Breakdown
2024-03-06,Night,M003,O018,Cotton,1191,911,2.34,0,331.32,40,13.9,28.5,56.8,76.49,Smooth
2024-01-27,Morning,M015,O015,Cotton,855,615,0.39,8,332.06,20,0.7,29.8,71.5,71.93,Smooth
2024-04-06,Night,M004,O005,Cotton,1112,914,0.4,8,367.22,29,4.5,29.8,68.4,82.19,Operator Absent
2024-04-24,Night,M016,O021,Polyester,878,709,9.04,4,318.49,19,12.6,30.2,72.2,80.75,Smooth
2024-03-14,Morning,M002,O044,Cotton,833,657,2.26,16,250.73,29,1.7,28.2,48.4,78.87,Smooth
2024-04-13,Morning,M004,O010,Blend,1020,1021,0.51,6,253.39,26,8.2,28.0,46.5,100.1,Smooth
2024-04-02,Morning,M011,O024,Cotton,833,773,8.05,14,341.4,16,5.7,29.5,56.3,92.8,Smooth
2024-01-31,Afternoon,M015,O038,Cotton,902,876,0.57,0,428.39,15,9.8,27.4,50.4,97.12,Smooth
2024-01-18,Afternoon,M011,O033,Blend,835,880,8.96,3,326.54,17,10.2,25.7,73.0,105.39,Smooth
2024-01-27,Morning,M018,O028,Polyester,837,811,8.24,5,374.09,19,10.2,27.9,50.8,96.89,Smooth
2024-03-20,Morning,M014,O019,Blend,857,627,9.93,1,380.26,20,13.1,33.3,51.6,73.16,Low Quality Yarn
2024-03-11,Night,M020,O017,Blend,1091,967,6.19,5,258.2,31,12.8,27.6,48.1,88.63,Low Quality Yarn
2024-02-02,Night,M003,O042,Blend,1145,1229,6.89,17,423.48,13,12.4,30.9,41.6,107.34,Breakdown
2024-04-24,Morning,M015,O019,Blend,892,941,9.92,3,383.17,18,13.1,27.8,44.1,105.49,Smooth
2024-04-02,Night,M002,O034,Polyester,1139,854,9.79,11,327.34,31,9.1,32.7,64.1,74.98,Smooth
2024-02-19,Afternoon,M016,O012,Blend,970,943,5.75,5,395.9,17,10.5,27.7,49.3,97.22,Smooth
2024-04-21,Night,M017,O002,Blend,897,852,7.47,2,403.64,10,11.1,31.0,53.7,94.98,Smooth
2024-04-07,Night,M008,O010,Cotton,1130,1007,9.29,4,334.16,13,4.2,29.9,41.1,89.12,Smooth
2024-04-10,Afternoon,M002,O010,Polyester,1078,1026,4.26,7,322.71,37,14.5,27.4,42.0,95.18,Smooth
2024-02-15,Night,M002,O006,Cotton,1172,1237,5.77,8,311.35,16,9.2,30.0,53.6,105.55,Smooth
2024-02-20,Afternoon,M012,O023,Cotton,836,891,4.07,1,300.12,27,10.6,33.1,76.0,106.58,Low Quality Yarn
2024-04-29,Afternoon,M011,O008,Blend,1189,1209,6.76,11,344.22,12,4.4,30.8,48.7,101.68,Breakdown
2024-01-13,Afternoon,M011,O039,Polyester,1161,1120,6.34,9,408.25,36,5.5,26.3,45.4,96.47,Smooth
2024-04-17,Afternoon,M002,O001,Cotton,916,675,8.32,25,311.99,17,11.1,30.9,71.2,73.69,Smooth
2024-01-03,Morning,M002,O020,Cotton,1168,872,0.0,12,285.12,9,8.3,27.7,74.0,74.66,Low Quality Yarn
2024-02-19,Afternoon,M002,O011,Blend,865,936,5.66,7,354.96,23,9.3,27.5,55.5,108.21,Power Cut
2024-03-13,Afternoon,M010,O019,Cotton,983,782,0.95,3,348.42,24,13.2,30.8,79.8,79.55,Power Cut
2024-02-18,Morning,M008,O015,Blend,1177,1098,8.12,3,309.11,40,10.4,25.1,52.6,93.29,Operator Absent
2024-01-31,Night,M002,O036,Blend,951,716,6.32,1,436.6,27,11.4,32.1,74.9,75.29,Smooth
2024-04-22,Night,M009,O002,Cotton,1142,1027,7.3,9,327.02,35,12.8,24.8,47.8,89.93,Smooth
2024-01-16,Morning,M014,O015,Cotton,1146,859,9.63,1,477.73,27,1.7,28.1,42.3,74.96,Smooth
2024-03-02,Morning,M018,O045,Blend,1099,815,5.86,7,382.87,34,1.1,26.2,59.9,74.16,Smooth
2024-03-20,Morning,M010,O012,Cotton,923,900,2.52,3,391.82,38,9.0,30.7,69.2,97.51,Smooth
2024-03-27,Afternoon,M019,O001,Cotton,901,762,6.41,6,379.94,24,5.7,27.2,76.5,84.57,Smooth
2024-04-06,Night,M012,O034,Blend,849,601,3.16,0,388.31,13,10.3,33.0,55.8,70.79,Smooth
2024-01-20,Afternoon,M006,O036,Polyester,1155,1157,4.54,5,360.9,56,6.0,27.1,42.5,100.17,Humidity Issue
2024-02-19,Night,M018,O036,Cotton,1036,865,5.06,1,246.75,22,2.2,27.9,75.3,83.49,Breakdown
2024-04-27,Night,M011,O017,Blend,1005,870,3.87,10,449.64,10,12.3,27.7,77.6,86.57,Smooth
2024-01-30,Night,M003,O040,Cotton,1096,1051,9.55,1,472.23,34,6.3,28.4,53.5,95.89,Smooth
2024-03-05,Afternoon,M014,O032,Polyester,1117,838,3.92,1,307.98,10,8.5,32.0,63.8,75.02,Smooth
2024-04-12,Afternoon,M001,O045,Cotton,923,968,5.77,4,359.24,12,8.7,34.2,76.3,104.88,Humidity Issue
2024-02-19,Night,M016,O020,Polyester,1172,1006,2.96,1,338.92,34,1.7,26.6,77.6,85.84,Smooth
2024-02-21,Night,M013,O030,Polyester,1083,1085,5.87,17,347.71,38,12.5,27.5,71.3,100.18,Smooth
2024-03-20,Morning,M017,O035,Polyester,974,789,9.41,1,377.98,9,6.4,27.6,60.7,81.01,Low Quality Yarn
2024-03-18,Night,M015,O011,Cotton,1188,1107,9.36,11,418.96,53,0.8,29.7,79.3,93.18,Smooth
2024-04-17,Morning,M020,O010,Cotton,1050,771,8.14,3,341.25,27,6.0,26.8,42.2,73.43,Humidity Issue
2024-03-02,Morning,M015,O026,Cotton,1074,1009,9.02,4,335.33,12,12.4,25.7,73.1,93.95,Smooth
2024-01-12,Night,M020,O040,Cotton,1097,1025,3.53,16,413.46,36,11.9,30.6,63.9,93.44,Smooth
2024-01-19,Afternoon,M004,O031,Cotton,1018,881,9.58,7,282.8,30,8.8,31.5,47.4,86.54,Low Quality Yarn
2024-03-06,Night,M012,O044,Cotton,1070,774,6.04,14,272.78,28,1.7,30.4,57.7,72.34,Smooth
2024-04-30,Night,M014,O028,Cotton,1089,833,1.84,2,323.09,21,7.9,29.6,59.3,76.49,Low Quality Yarn
2024-03-23,Night,M010,O014,Blend,1081,922,8.39,1,313.62,11,8.8,30.0,62.6,85.29,Operator Absent
2024-04-30,Morning,M006,O050,Blend,1148,1206,5.58,32,455.18,14,14.2,31.8,73.7,105.05,Smooth
2024-03-09,Morning,M013,O011,Cotton,1026,839,0.77,1,268.12,20,14.8,30.4,67.4,81.77,Humidity Issue
2024-01-04,Night,M015,O002,Polyester,864,932,1.43,4,310.53,9,10.2,30.3,65.7,107.87,Smooth
2024-01-11,Morning,M018,O048,Polyester,1031,891,4.9,5,355.52,34,5.1,31.5,55.7,86.42,Smooth
2024-02-29,Morning,M017,O011,Cotton,836,664,0.97,1,381.04,21,7.4,33.1,76.9,79.43,Smooth
2024-02-09,Morning,M018,O049,Blend,899,655,2.81,4,375.14,28,3.8,29.0,56.0,72.86,Smooth
2024-04-23,Morning,M017,O035,Polyester,1118,965,9.78,1,320.13,37,6.6,33.2,63.1,86.31,Smooth
2024-01-24,Afternoon,M013,O042,Cotton,977,1009,8.04,20,357.99,15,6.5,28.9,61.9,103.28,Smooth
2024-04-21,Afternoon,M017,O023,Blend,1094,942,5.2,56,369.92,24,2.4,27.5,46.3,86.11,Smooth
2024-02-03,Morning,M018,O041,Cotton,1086,1172,8.8,23,418.4,34,6.6,26.5,54.3,107.92,Smooth
2024-04-16,Afternoon,M002,O026,Cotton,1058,991,5.76,1,478.5,32,3.5,25.9,69.7,93.67,Smooth
2024-01-30,Night,M018,O011,Cotton,927,658,3.55,15,268.93,24,8.7,31.3,71.8,70.98,Smooth
2024-04-26,Afternoon,M020,O043,Polyester,884,878,6.1,6,330.09,23,9.2,28.2,60.5,99.32,Smooth
2024-02-27,Morning,M005,O023,Blend,1193,972,0.06,6,399.7,10,9.0,27.3,77.7,81.48,Low Quality Yarn
2024-01-04,Afternoon,M002,O046,Cotton,1200,923,4.72,0,392.63,24,8.1,36.4,75.9,76.92,Smooth
2024-02-08,Morning,M020,O028,Cotton,806,627,0.23,19,396.81,21,12.2,30.6,57.2,77.79,Smooth
2024-03-29,Night,M020,O018,Blend,1172,1171,9.13,8,321.39,21,4.1,27.6,52.3,99.91,Humidity Issue
2024-03-09,Morning,M004,O020,Polyester,1149,1059,5.88,5,313.75,14,3.0,30.6,60.7,92.17,Power Cut
2024-04-20,Afternoon,M016,O020,Blend,1098,862,2.83,5,416.85,36,14.0,33.5,40.8,78.51,Smooth
2024-02-18,Night,M006,O012,Blend,1111,846,8.86,6,445.16,31,14.0,32.3,79.9,76.15,Humidity Issue
2024-01-17,Night,M019,O040,Polyester,1116,1102,2.87,21,336.17,20,2.5,31.4,74.4,98.75,Operator Absent
2024-04-26,Night,M002,O016,Blend,1077,969,6.75,2,389.59,21,6.5,32.4,48.4,89.97,Smooth
2024-04-21,Night,M015,O019,Polyester,970,1057,6.46,27,400.22,42,10.5,27.9,78.6,108.97,Operator Absent
2024-04-06,Afternoon,M019,O023,Cotton,1088,932,1.31,11,376.55,17,7.8,34.9,52.5,85.66,Low Quality Yarn
2024-02-21,Morning,M014,O003,Polyester,894,778,6.45,13,324.93,16,3.4,25.7,71.3,87.02,Smooth
2024-04-26,Morning,M010,O030,Polyester,904,961,3.7,13,274.59,12,7.5,26.5,44.4,106.31,Operator Absent
2024-01-04,Morning,M009,O033,Polyester,886,708,3.17,16,331.13,31,12.9,32.2,70.6,79.91,Humidity Issue
2024-01-25,Night,M005,O017,Polyester,851,645,6.9,29,293.28,19,9.9,33.7,60.4,75.79,Smooth
2024-03-30,Afternoon,M008,O013,Blend,921,688,3.12,16,343.56,25,11.4,31.0,72.5,74.7,Smooth
2024-04-03,Night,M013,O010,Polyester,819,883,3.13,19,370.1,35,10.3,27.8,50.1,107.81,Smooth
2024-04-29,Afternoon,M009,O041,Polyester,1154,1210,1.69,0,339.81,53,6.1,35.4,46.7,104.85,Smooth
2024-04-07,Morning,M003,O026,Blend,1077,1114,5.49,2,354.56,38,7.2,35.4,73.1,103.44,Smooth
2024-02-17,Morning,M002,O031,Polyester,964,994,7.09,1,373.65,37,5.8,32.8,75.2,103.11,Humidity Issue
2024-04-27,Night,M014,O004,Cotton,1190,1178,1.13,5,353.64,41,4.4,30.6,50.0,98.99,Smooth
2024-04-29,Afternoon,M009,O041,Cotton,933,1004,2.98,14,298.87,10,8.4,29.1,79.0,107.61,Power Cut
2024-02-09,Night,M012,O011,Polyester,1103,934,3.57,4,213.89,42,7.8,32.8,60.3,84.68,Smooth
2024-04-15,Morning,M004,O047,Cotton,942,711,9.83,2,360.74,24,6.5,28.3,56.9,75.48,Smooth
2024-04-09,Afternoon,M020,O028,Cotton,902,914,1.96,17,300.23,25,4.2,35.5,70.1,101.33,Smooth
2024-02-27,Morning,M015,O008,Blend,1163,1052,3.21,9,349.86,49,5.5,30.1,42.2,90.46,Smooth
2024-03-25,Afternoon,M012,O049,Polyester,877,685,4.19,2,373.94,11,2.2,32.0,42.7,78.11,Power Cut
2024-03-11,Night,M001,O049,Polyester,1145,1133,9.29,5,351.7,27,5.9,26.9,64.9,98.95,Low Quality Yarn
2024-01-09,Night,M001,O037,Polyester,1151,1136,1.11,0,344.68,47,5.4,28.6,57.8,98.7,Low Quality Yarn
2024-03-12,Morning,M001,O035,Blend,1167,1132,5.09,19,339.38,56,7.5,34.5,79.5,97.0,Smooth
2024-04-13,Night,M005,O033,Cotton,805,806,2.49,7,364.42,19,0.6,28.3,56.1,100.12,Operator Absent
2024-02-21,Afternoon,M007,O039,Polyester,891,707,8.19,4,296.81,13,1.5,27.6,47.5,79.35,Smooth
2024-04-26,Morning,M009,O024,Polyester,1137,1048,2.91,5,396.0,48,7.6,29.1,53.2,92.17,Low Quality Yarn
2024-01-06,Morning,M018,O021,Cotton,1076,799,9.53,0,297.18,18,2.9,26.8,71.3,74.26,Smooth
2024-02-19,Night,M013,O035,Cotton,1107,829,6.35,1,374.25,26,1.6,28.6,78.2,74.89,Smooth
2024-02-11,Night,M006,O044,Cotton,1016,811,8.6,1,428.49,38,13.7,30.2,72.8,79.82,Smooth
2024-01-04,Afternoon,M020,O049,Blend,1163,1227,1.99,3,307.39,31,8.4,25.6,46.4,105.5,Breakdown
2024-02-19,Morning,M015,O046,Cotton,897,875,1.68,3,422.29,34,9.9,30.0,46.2,97.55,Operator Absent
2024-02-26,Afternoon,M003,O003,Cotton,814,747,0.87,4,324.82,15,14.4,29.7,78.1,91.77,Smooth
2024-02-19,Night,M012,O015,Cotton,952,800,0.43,1,377.87,12,11.6,29.6,44.3,84.03,Smooth
2024-02-16,Night,M013,O022,Polyester,988,1079,3.82,14,409.86,19,2.6,25.6,77.5,109.21,Breakdown
2024-02-29,Morning,M017,O021,Polyester,873,931,8.87,9,287.53,32,5.7,26.7,45.9,106.64,Smooth
2024-03-04,Morning,M018,O009,Polyester,1108,1039,8.14,4,336.09,20,4.8,29.0,65.7,93.77,Smooth
2024-04-10,Afternoon,M012,O002,Blend,821,772,6.96,4,325.63,22,12.1,31.6,47.2,94.03,Smooth
2024-04-21,Morning,M004,O044,Blend,1022,760,8.84,4,294.5,9,9.3,33.4,49.6,74.36,Power Cut
2024-03-27,Morning,M005,O020,Cotton,1046,894,0.81,1,323.19,41,0.6,29.2,59.4,85.47,Breakdown
2024-04-08,Afternoon,M018,O050,Blend,817,612,3.08,26,383.14,19,13.3,27.6,62.2,74.91,Operator Absent
2024-01-11,Morning,M013,O038,Blend,1161,1060,1.95,1,337.69,26,11.5,31.8,53.6,91.3,Smooth
2024-01-10,Morning,M013,O005,Cotton,898,970,7.38,9,337.98,18,11.3,25.0,76.8,108.02,Smooth
2024-04-26,Afternoon,M020,O004,Blend,987,858,3.42,32,321.21,20,13.7,21.3,62.8,86.93,Smooth
2024-02-23,Morning,M012,O010,Polyester,938,942,8.12,4,407.56,23,12.0,29.3,77.6,100.43,Smooth
2024-04-26,Afternoon,M016,O008,Cotton,1024,972,7.42,16,333.37,11,6.3,33.3,67.0,94.92,Smooth
2024-04-12,Afternoon,M002,O022,Cotton,1014,892,7.49,4,293.23,35,8.4,31.5,48.2,87.97,Smooth
2024-01-14,Night,M003,O014,Cotton,1174,958,7.49,6,305.79,43,8.1,22.2,68.3,81.6,Smooth
2024-02-18,Night,M017,O023,Blend,1064,852,4.47,1,387.63,37,8.5,26.4,46.1,80.08,Smooth
2024-03-03,Afternoon,M011,O029,Polyester,895,887,6.0,13,256.98,31,1.5,32.6,75.9,99.11,Smooth
2024-03-22,Morning,M011,O029,Polyester,1194,892,3.28,16,267.72,25,12.9,34.5,53.6,74.71,Smooth
2024-03-18,Morning,M007,O043,Polyester,1138,1192,0.88,14,333.55,32,2.9,31.1,68.3,104.75,Smooth
2024-04-26,Night,M010,O035,Polyester,1055,964,6.35,2,381.51,42,10.2,24.4,57.4,91.37,Smooth
2024-02-27,Morning,M020,O010,Blend,1076,1163,7.19,26,265.53,14,11.0,30.6,44.9,108.09,Low Quality Yarn
2024-01-24,Night,M018,O026,Polyester,1138,934,5.32,8,292.49,23,9.4,31.0,78.8,82.07,Power Cut
2024-03-08,Morning,M002,O031,Blend,1061,1051,9.23,14,286.28,38,9.5,31.1,64.1,99.06,Smooth
2024-02-09,Morning,M014,O020,Polyester,1171,1049,5.29,4,279.39,44,3.2,30.3,43.4,89.58,Smooth
2024-02-26,Night,M013,O036,Cotton,843,737,6.58,5,372.18,17,14.0,24.9,76.9,87.43,Smooth
2024-03-17,Night,M001,O016,Blend,865,779,3.28,13,348.51,18,13.8,28.4,40.5,90.06,Smooth
2024-01-05,Night,M017,O025,Polyester,880,810,7.41,6,469.54,15,7.5,31.1,57.2,92.05,Smooth
2024-01-04,Afternoon,M004,O044,Blend,905,660,1.06,18,314.25,19,11.6,28.2,42.5,72.93,Humidity Issue
2024-01-30,Morning,M013,O011,Cotton,805,749,1.19,0,408.88,15,6.6,29.4,41.6,93.04,Smooth
2024-04-19,Night,M007,O034,Blend,912,802,5.78,8,288.24,11,5.8,26.6,44.0,87.94,Humidity Issue
2024-02-04,Night,M001,O028,Polyester,882,887,9.66,35,364.03,33,4.6,33.0,65.2,100.57,Smooth
2024-01-05,Night,M002,O007,Cotton,843,743,4.82,14,301.82,34,1.3,26.5,59.4,88.14,Smooth
2024-02-21,Afternoon,M007,O021,Cotton,846,901,6.1,7,311.48,39,8.6,26.3,60.6,106.5,Smooth
2024-02-19,Night,M019,O003,Polyester,950,702,0.16,33,418.5,9,10.4,25.1,77.3,73.89,Breakdown
2024-04-13,Afternoon,M015,O032,Polyester,962,894,1.26,8,324.94,40,9.9,34.3,76.0,92.93,Smooth
2024-01-07,Night,M013,O024,Blend,825,783,1.31,3,388.18,17,3.2,33.4,70.3,94.91,Breakdown
2024-01-20,Morning,M008,O021,Blend,918,816,2.26,9,345.35,23,2.6,29.3,79.4,88.89,Breakdown
2024-04-06,Morning,M005,O009,Polyester,989,775,1.3,2,329.63,25,0.8,34.4,41.4,78.36,Smooth
2024-04-13,Morning,M008,O015,Polyester,990,869,8.17,21,353.99,40,6.1,27.4,73.2,87.78,Humidity Issue
2024-02-01,Afternoon,M010,O020,Polyester,1185,892,9.35,13,358.35,21,14.1,31.3,51.0,75.27,Humidity Issue
2024-04-08,Morning,M015,O024,Polyester,802,667,7.01,14,382.47,8,6.1,32.4,51.3,83.17,Breakdown
2024-03-21,Morning,M016,O030,Cotton,850,698,9.83,10,410.61,19,13.1,28.5,47.2,82.12,Smooth
2024-02-17,Afternoon,M010,O033,Blend,1019,1099,2.19,3,320.59,37,6.9,34.3,69.7,107.85,Smooth
2024-01-01,Morning,M014,O032,Polyester,1196,946,0.58,3,286.43,22,6.3,29.7,42.3,79.1,Smooth
2024-03-04,Afternoon,M003,O014,Polyester,1069,997,8.84,1,434.22,26,10.7,33.0,56.4,93.26,Low Quality Yarn
2024-03-26,Morning,M012,O030,Cotton,1080,974,0.07,11,335.91,24,14.7,30.3,56.8,90.19,Humidity Issue
2024-04-21,Night,M002,O048,Cotton,1029,926,9.1,12,416.9,41,7.1,31.1,59.0,89.99,Smooth
2024-03-03,Night,M003,O001,Blend,1073,916,9.67,11,311.71,29,6.5,29.9,75.1,85.37,Smooth
2024-03-12,Morning,M002,O033,Blend,868,678,8.26,8,256.9,19,12.9,30.3,52.2,78.11,Breakdown
2024-04-01,Morning,M019,O047,Cotton,1124,873,1.29,3,342.36,16,2.9,34.5,53.3,77.67,Smooth
2024-01-06,Morning,M003,O031,Polyester,1088,1170,3.43,44,283.54,53,7.2,29.8,68.4,107.54,Power Cut
2024-02-02,Night,M009,O040,Blend,831,908,0.5,1,301.39,15,1.1,32.9,40.9,109.27,Breakdown
2024-03-19,Night,M009,O049,Blend,1011,1020,1.34,6,284.56,11,11.9,35.8,40.4,100.89,Smooth
2024-04-18,Night,M004,O031,Blend,868,872,8.93,5,264.59,22,13.4,37.9,75.8,100.46,Smooth
2024-01-10,Morning,M011,O022,Blend,972,810,6.15,26,350.54,22,4.5,31.7,78.4,83.33,Smooth
2024-03-25,Afternoon,M005,O029,Blend,814,616,5.8,3,316.21,30,1.3,25.3,63.1,75.68,Smooth
2024-01-25,Afternoon,M014,O046,Cotton,907,664,1.55,5,264.76,15,1.8,30.2,52.1,73.21,Smooth
2024-02-19,Night,M007,O043,Blend,1050,1140,9.45,4,392.35,11,12.3,30.4,77.9,108.57,Smooth
2024-04-10,Morning,M002,O026,Polyester,1166,858,1.61,32,333.98,17,7.0,30.1,67.7,73.58,Smooth
2024-03-08,Morning,M012,O037,Polyester,815,809,9.95,3,449.42,21,3.0,36.8,79.1,99.26,Smooth
2024-01-25,Morning,M011,O041,Blend,921,959,4.98,9,362.21,36,8.0,25.4,79.6,104.13,Humidity Issue
2024-04-21,Night,M016,O005,Cotton,930,878,3.71,14,330.18,20,6.8,26.6,71.3,94.41,Smooth
2024-04-19,Morning,M010,O032,Cotton,1115,996,7.94,8,403.66,19,3.8,28.4,60.2,89.33,Smooth
2024-03-12,Morning,M004,O021,Cotton,945,760,0.09,10,204.78,36,8.8,31.8,74.5,80.42,Smooth
2024-02-04,Night,M016,O040,Polyester,964,728,5.69,20,431.58,18,1.8,31.9,58.3,75.52,Low Quality Yarn
2024-01-27,Afternoon,M014,O009,Cotton,916,785,8.67,2,312.48,35,14.5,26.3,57.7,85.7,Low Quality Yarn
2024-04-26,Night,M010,O048,Polyester,881,729,5.26,11,396.98,8,1.2,27.3,55.5,82.75,Smooth
2024-02-23,Afternoon,M017,O019,Polyester,1117,939,3.16,6,299.67,21,14.6,28.2,56.4,84.06,Smooth
2024-01-20,Morning,M005,O023,Cotton,1182,1037,5.77,40,388.95,40,9.3,26.7,43.5,87.73,Smooth
2024-03-07,Morning,M018,O004,Cotton,878,852,0.64,9,308.79,37,0.9,32.0,73.8,97.04,Smooth
2024-03-10,Night,M016,O028,Cotton,955,844,2.18,1,321.67,29,8.4,26.6,45.0,88.38,Smooth
2024-01-08,Afternoon,M017,O044,Cotton,1185,966,2.39,2,432.49,18,5.8,27.8,55.6,81.52,Smooth
2024-03-24,Night,M016,O036,Blend,892,972,9.55,16,293.14,29,11.8,27.3,74.3,108.97,Humidity Issue
2024-03-01,Night,M015,O045,Blend,951,987,3.6,11,330.18,37,0.6,29.5,56.4,103.79,Breakdown
2024-01-15,Night,M019,O002,Blend,968,805,6.93,14,396.85,17,7.0,28.2,69.1,83.16,Smooth
2024-04-20,Afternoon,M012,O023,Blend,1059,1034,9.87,2,404.2,48,2.8,34.8,70.1,97.64,Breakdown
2024-02-07,Morning,M013,O024,Cotton,804,745,2.75,6,393.04,33,8.8,24.6,65.3,92.66,Smooth
2024-02-01,Morning,M011,O032,Polyester,1152,1045,0.51,2,251.7,18,7.8,29.8,52.9,90.71,Operator Absent
2024-01-30,Night,M005,O014,Blend,891,715,4.64,1,319.85,29,12.2,31.0,70.7,80.25,Low Quality Yarn
2024-01-31,Night,M013,O031,Blend,1025,764,6.44,17,442.95,21,8.2,32.9,41.4,74.54,Smooth
2024-02-06,Afternoon,M017,O022,Blend,940,898,0.81,5,369.81,13,10.5,24.6,71.8,95.53,Smooth
2024-04-10,Afternoon,M014,O035,Cotton,1042,797,1.04,1,353.94,22,2.0,33.2,66.0,76.49,Low Quality Yarn
2024-02-08,Night,M016,O047,Polyester,1072,1122,8.28,9,329.69,28,14.2,28.1,64.4,104.66,Smooth
2024-04-23,Night,M012,O027,Polyester,928,959,7.1,1,304.87,34,5.4,32.8,79.9,103.34,Low Quality Yarn
2024-02-10,Night,M012,O039,Polyester,857,690,2.79,26,388.17,33,14.6,31.5,42.6,80.51,Smooth
2024-02-19,Morning,M008,O021,Cotton,1160,1193,6.46,10,367.61,58,13.7,27.4,57.6,102.84,Smooth
2024-03-07,Night,M012,O006,Blend,1153,825,3.62,17,331.35,10,6.7,35.5,58.8,71.55,Smooth
2024-04-21,Afternoon,M005,O047,Cotton,951,1018,6.41,3,312.65,49,5.7,30.1,59.1,107.05,Smooth
2024-02-04,Afternoon,M008,O048,Polyester,1143,962,6.83,10,300.44,21,2.3,32.8,66.2,84.16,Smooth
2024-01-07,Morning,M001,O036,Polyester,1134,811,5.98,20,343.69,23,1.6,32.9,66.8,71.52,Smooth
2024-01-30,Morning,M008,O011,Polyester,959,986,2.45,5,365.54,17,2.0,25.3,76.4,102.82,Smooth
2024-03-05,Morning,M019,O048,Polyester,1036,1065,7.6,0,339.37,25,8.4,33.5,43.7,102.8,Humidity Issue
2024-01-27,Night,M001,O018,Cotton,1022,1024,5.82,2,325.41,12,9.0,28.5,73.6,100.2,Breakdown
2024-03-04,Morning,M014,O043,Polyester,1126,796,0.49,8,323.08,19,9.1,33.0,51.0,70.69,Breakdown
2024-01-24,Night,M003,O032,Cotton,1140,810,7.35,9,427.87,29,3.5,31.6,54.1,71.05,Smooth
2024-03-14,Night,M018,O041,Cotton,967,725,1.3,11,292.68,10,12.3,31.4,63.2,74.97,Low Quality Yarn
2024-03-30,Afternoon,M018,O018,Polyester,1094,1036,7.81,12,381.89,22,9.8,31.3,52.6,94.7,Smooth
2024-02-01,Morning,M017,O016,Blend,911,986,0.33,8,376.02,16,3.9,27.5,59.8,108.23,Smooth
2024-01-02,Morning,M005,O015,Cotton,891,949,2.12,1,350.19,44,2.6,34.9,65.8,106.51,Smooth
2024-02-11,Night,M014,O038,Cotton,1085,860,1.57,11,423.34,19,7.0,31.6,56.2,79.26,Smooth
2024-04-07,Afternoon,M013,O050,Blend,1145,1252,2.92,3,393.43,25,13.8,24.1,50.6,109.34,Smooth
2024-01-20,Morning,M006,O014,Cotton,819,866,1.03,10,347.54,41,10.3,31.5,52.1,105.74,Smooth
2024-01-11,Morning,M004,O016,Polyester,931,721,3.04,0,417.93,11,2.4,28.9,65.7,77.44,Humidity Issue
2024-02-15,Night,M015,O048,Polyester,1066,830,0.98,1,417.33,26,10.3,26.2,67.3,77.86,Smooth
2024-04-13,Morning,M010,O037,Cotton,1024,974,2.66,0,398.63,31,12.6,29.7,79.7,95.12,Smooth
2024-04-26,Afternoon,M019,O050,Cotton,820,627,6.92,11,295.46,26,2.1,32.4,71.2,76.46,Power Cut
2024-01-07,Morning,M005,O041,Blend,842,895,3.83,9,263.88,20,11.6,24.2,77.4,106.29,Smooth
2024-03-10,Morning,M004,O028,Cotton,830,893,1.75,20,305.68,11,4.4,32.6,76.5,107.59,Breakdown
2024-01-14,Night,M012,O028,Cotton,1156,1101,7.21,2,422.49,17,12.4,25.7,49.4,95.24,Breakdown
2024-04-02,Afternoon,M019,O046,Cotton,981,942,4.05,9,337.79,40,15.0,31.3,48.5,96.02,Smooth
2024-03-31,Night,M007,O024,Cotton,1157,932,6.63,33,350.3,38,2.5,32.6,79.1,80.55,Low Quality Yarn
2024-03-31,Afternoon,M020,O038,Blend,978,1061,1.64,3,335.76,45,6.0,28.5,43.5,108.49,Breakdown
2024-01-26,Night,M003,O042,Polyester,995,832,9.81,9,290.66,41,12.4,29.1,51.3,83.62,Breakdown
2024-01-17,Night,M015,O036,Polyester,836,608,0.57,1,386.28,18,12.7,30.4,57.8,72.73,Smooth
2024-04-13,Morning,M014,O048,Blend,1105,1086,7.32,1,418.2,13,5.7,25.9,61.4,98.28,Smooth
2024-04-21,Morning,M005,O046,Cotton,864,949,4.75,16,418.74,32,13.4,29.1,56.4,109.84,Smooth
2024-02-08,Morning,M005,O033,Cotton,933,878,6.3,5,313.34,34,5.1,28.0,60.2,94.11,Low Quality Yarn
2024-03-09,Afternoon,M005,O015,Blend,858,656,9.6,19,336.72,26,2.6,33.1,40.3,76.46,Breakdown
2024-01-07,Morning,M004,O041,Cotton,1088,770,5.87,6,338.02,20,10.9,30.0,57.7,70.77,Smooth
2024-04-20,Morning,M019,O003,Polyester,1158,1149,2.33,16,282.2,22,9.6,31.2,73.2,99.22,Smooth
2024-02-20,Afternoon,M013,O043,Cotton,1134,982,2.58,20,320.12,28,3.5,35.8,65.1,86.6,Smooth
2024-04-14,Afternoon,M005,O020,Blend,1100,927,9.96,6,488.44,43,12.1,28.2,58.0,84.27,Power Cut
2024-03-05,Morning,M018,O045,Blend,968,955,5.86,6,341.95,18,13.8,25.9,53.4,98.66,Smooth
2024-02-13,Night,M012,O042,Blend,1099,1187,5.33,9,296.25,29,1.9,30.4,64.9,108.01,Breakdown
2024-02-01,Morning,M013,O025,Cotton,1172,1029,7.78,2,333.83,48,10.8,26.5,56.8,87.8,Operator Absent
2024-02-09,Night,M013,O049,Blend,1192,1081,0.84,41,288.26,36,2.1,32.9,78.6,90.69,Breakdown
2024-02-06,Night,M013,O027,Blend,805,619,6.48,2,396.56,22,9.4,32.2,75.7,76.89,Low Quality Yarn
2024-03-30,Night,M018,O028,Cotton,868,634,3.31,2,394.88,11,4.0,33.4,51.3,73.04,Breakdown
2024-03-04,Afternoon,M019,O001,Cotton,895,773,2.34,0,286.43,7,10.4,26.3,73.0,86.37,Humidity Issue
2024-02-16,Night,M013,O038,Blend,931,706,1.6,15,325.8,24,5.0,30.4,54.7,75.83,Smooth
2024-02-22,Afternoon,M008,O032,Cotton,1032,1040,8.11,5,343.85,42,7.5,31.8,75.9,100.78,Smooth
2024-04-22,Morning,M014,O045,Polyester,884,939,0.87,27,374.5,16,12.2,31.6,74.0,106.22,Smooth
2024-01-04,Night,M004,O046,Cotton,812,662,9.52,0,356.32,21,9.9,26.5,40.7,81.53,Breakdown
2024-01-02,Morning,M017,O001,Blend,1051,1139,0.45,1,351.88,53,10.2,29.2,72.9,108.37,Low Quality Yarn
2024-02-02,Afternoon,M016,O019,Blend,892,629,5.42,6,310.51,23,7.8,30.0,70.6,70.52,Smooth
2024-04-20,Morning,M020,O046,Cotton,829,741,1.49,10,356.74,25,2.8,29.6,78.5,89.38,Smooth
2024-02-26,Night,M018,O029,Polyester,1116,1012,0.73,9,388.42,43,14.7,28.1,60.1,90.68,Smooth
2024-03-31,Afternoon,M006,O042,Blend,1103,972,7.53,1,449.94,13,6.6,36.1,74.1,88.12,Smooth
2024-04-09,Afternoon,M011,O042,Cotton,807,841,0.99,0,379.23,12,10.9,28.9,44.0,104.21,Smooth
2024-01-05,Morning,M020,O030,Polyester,912,865,3.56,15,383.06,16,10.8,26.2,74.9,94.85,Smooth
2024-03-15,Night,M003,O024,Cotton,1119,840,8.67,9,340.0,13,10.7,26.9,70.4,75.07,Smooth
2024-02-08,Night,M001,O025,Polyester,809,600,5.06,16,351.14,28,8.3,32.2,55.8,74.17,Breakdown
2024-03-03,Morning,M014,O001,Polyester,1145,1189,4.93,6,410.43,51,6.4,29.9,53.3,103.84,Humidity Issue
2024-02-11,Afternoon,M004,O028,Blend,956,857,5.73,2,346.66,20,2.0,34.4,49.6,89.64,Low Quality Yarn
2024-04-16,Morning,M017,O022,Polyester,949,1024,3.05,1,255.4,11,5.2,28.8,61.8,107.9,Smooth
2024-01-11,Morning,M020,O046,Polyester,1179,1085,3.57,5,345.04,22,4.0,31.1,58.3,92.03,Smooth
2024-04-30,Night,M013,O020,Cotton,983,986,2.06,12,347.15,40,5.4,29.0,62.5,100.31,Low Quality Yarn
2024-04-02,Night,M007,O008,Blend,863,674,7.42,0,332.24,30,5.6,31.2,68.9,78.1,Smooth
2024-03-20,Afternoon,M020,O016,Polyester,1150,951,9.06,1,348.56,12,3.3,26.0,77.8,82.7,Breakdown
2024-02-28,Morning,M018,O047,Blend,1009,1100,3.76,25,264.61,41,10.1,31.0,79.6,109.02,Operator Absent
2024-03-08,Morning,M013,O035,Polyester,991,798,6.72,0,352.53,17,2.7,34.5,51.4,80.52,Low Quality Yarn
2024-02-24,Night,M017,O036,Cotton,1141,970,7.56,7,340.08,45,9.7,27.4,72.1,85.01,Operator Absent
2024-02-22,Morning,M004,O021,Cotton,894,792,3.62,1,364.8,13,7.9,31.2,59.5,88.59,Humidity Issue
2024-03-06,Afternoon,M010,O048,Polyester,996,946,9.46,8,318.17,11,3.2,30.2,41.3,94.98,Smooth
2024-03-11,Morning,M020,O047,Blend,1110,1107,7.23,1,336.2,24,4.1,30.8,54.9,99.73,Smooth
2024-01-08,Morning,M008,O008,Cotton,1004,805,4.89,5,323.29,34,7.9,30.5,61.1,80.18,Smooth
2024-02-17,Morning,M011,O002,Blend,1192,1102,1.71,2,393.43,20,2.2,24.9,78.8,92.45,Smooth
2024-01-28,Morning,M006,O023,Cotton,1188,842,8.03,15,312.77,13,10.6,28.8,65.7,70.88,Power Cut
2024-02-25,Afternoon,M004,O005,Polyester,808,818,9.37,11,326.66,35,3.5,28.1,42.9,101.24,Humidity Issue
2024-04-12,Afternoon,M015,O013,Polyester,1190,1167,4.03,25,315.33,55,4.2,30.8,53.5,98.07,Smooth
2024-01-03,Afternoon,M011,O018,Cotton,1021,878,0.51,6,337.29,21,11.7,27.1,72.1,85.99,Low Quality Yarn
2024-03-21,Night,M007,O020,Cotton,1128,858,3.67,4,369.05,32,3.3,28.7,54.7,76.06,Smooth
2024-03-15,Morning,M019,O016,Polyester,838,622,6.28,1,416.6,28,8.5,24.4,47.0,74.22,Smooth
2024-03-31,Afternoon,M011,O029,Blend,861,733,8.43,10,394.53,33,13.8,31.1,43.8,85.13,Smooth
2024-03-28,Morning,M018,O048,Blend,1186,1088,7.41,14,293.1,45,10.9,31.1,43.4,91.74,Smooth
2024-02-02,Morning,M018,O007,Blend,868,768,1.74,4,347.45,24,9.5,29.3,66.5,88.48,Smooth
2024-01-07,Morning,M007,O047,Cotton,1117,1155,2.15,1,340.81,56,12.7,30.6,60.0,103.4,Smooth
2024-02-07,Afternoon,M012,O035,Polyester,916,1000,0.97,3,280.37,47,1.5,33.9,62.0,109.17,Operator Absent
2024-04-04,Night,M004,O026,Polyester,1138,1065,6.53,2,401.19,18,12.5,28.8,62.5,93.59,Low Quality Yarn
2024-02-06,Night,M004,O048,Blend,1025,1029,7.14,2,402.94,28,14.5,30.6,58.1,100.39,Smooth
2024-02-03,Afternoon,M016,O037,Cotton,887,671,3.89,30,390.04,30,5.6,28.8,43.3,75.65,Smooth
2024-02-10,Morning,M001,O020,Cotton,1045,1034,3.12,15,313.65,42,6.0,21.5,57.7,98.95,Smooth
2024-02-09,Morning,M008,O040,Blend,1114,947,3.67,7,324.47,29,10.2,33.4,50.8,85.01,Smooth
2024-01-07,Night,M019,O041,Blend,970,786,9.33,12,442.9,8,9.5,32.9,60.4,81.03,Power Cut
2024-03-14,Morning,M011,O010,Cotton,1122,1030,3.59,0,306.13,12,1.0,22.8,68.7,91.8,Smooth
2024-04-17,Afternoon,M009,O001,Polyester,806,737,5.09,2,314.65,12,7.2,31.6,51.5,91.44,Smooth
2024-03-21,Morning,M009,O012,Cotton,1141,911,6.45,10,334.43,11,4.5,33.7,79.2,79.84,Smooth
2024-04-17,Morning,M018,O027,Polyester,1181,1108,7.1,0,322.23,36,13.9,30.1,78.7,93.82,Smooth
2024-02-18,Morning,M005,O012,Cotton,860,787,4.58,29,326.29,22,4.0,30.6,58.8,91.51,Low Quality Yarn
2024-04-10,Afternoon,M014,O021,Cotton,844,744,5.82,4,350.7,32,10.1,26.2,53.5,88.15,Smooth
2024-03-16,Morning,M011,O008,Polyester,1133,1217,9.12,2,361.62,37,0.9,32.7,49.9,107.41,Smooth
2024-02-08,Night,M012,O027,Blend,860,760,6.29,8,306.31,24,1.8,32.9,56.5,88.37,Power Cut
2024-03-14,Morning,M009,O025,Polyester,1130,1130,6.93,46,349.27,26,6.9,24.6,74.3,100.0,Breakdown
2024-04-19,Morning,M006,O026,Polyester,1176,1145,8.82,2,333.71,25,7.9,32.2,77.6,97.36,Smooth
2024-04-13,Afternoon,M017,O045,Blend,955,686,3.52,19,286.48,18,6.1,28.7,76.6,71.83,Smooth
2024-02-28,Morning,M019,O032,Polyester,962,966,5.05,44,315.36,19,6.8,29.8,46.3,100.42,Smooth
2024-03-09,Night,M005,O013,Polyester,815,879,7.67,3,429.41,41,13.3,32.0,60.6,107.85,Smooth
2024-02-29,Morning,M018,O031,Polyester,1133,1144,5.62,8,263.33,12,11.0,30.7,41.3,100.97,Smooth
2024-04-12,Afternoon,M013,O035,Blend,1051,985,5.39,34,313.23,31,12.7,29.9,79.9,93.72,Low Quality Yarn
2024-03-02,Afternoon,M011,O037,Cotton,1075,937,3.2,23,372.6,24,1.1,26.4,53.9,87.16,Smooth
2024-02-15,Afternoon,M001,O034,Cotton,947,763,6.86,29,390.32,9,8.3,28.2,42.8,80.57,Smooth
2024-02-18,Night,M015,O037,Blend,1149,1233,7.66,10,374.17,60,10.9,33.2,77.0,107.31,Low Quality Yarn
2024-03-10,Night,M003,O018,Polyester,1177,1067,1.17,7,362.34,31,9.5,27.0,40.4,90.65,Power Cut
2024-01-31,Afternoon,M017,O006,Cotton,978,760,4.91,30,288.32,29,9.3,24.3,52.0,77.71,Smooth
2024-01-21,Afternoon,M003,O023,Cotton,1148,992,2.18,33,333.74,10,3.7,27.2,71.2,86.41,Breakdown
2024-04-27,Morning,M007,O032,Cotton,1099,857,0.8,6,379.43,39,12.9,32.0,67.3,77.98,Smooth
2024-03-07,Morning,M005,O046,Cotton,824,594,7.83,18,352.03,11,12.8,34.3,69.1,72.09,Smooth
2024-02-27,Afternoon,M019,O006,Cotton,1193,1303,1.56,2,381.61,22,1.5,28.1,79.9,109.22,Smooth
2024-02-08,Afternoon,M004,O004,Cotton,858,609,8.35,4,359.58,28,13.9,33.6,40.4,70.98,Humidity Issue
2024-01-18,Morning,M013,O025,Polyester,1137,830,2.5,11,344.89,28,3.2,33.0,72.2,73.0,Smooth
2024-01-09,Morning,M014,O023,Blend,1196,1299,2.69,6,355.98,39,2.6,27.5,57.7,108.61,Humidity Issue
2024-01-28,Morning,M020,O034,Polyester,838,698,5.22,8,305.93,8,11.4,34.2,78.2,83.29,Smooth
2024-01-07,Night,M016,O027,Cotton,990,788,3.24,2,292.56,19,10.6,30.8,62.4,79.6,Smooth
2024-03-13,Morning,M015,O015,Blend,1116,953,4.2,8,373.0,19,5.9,30.7,62.8,85.39,Smooth
2024-04-27,Morning,M020,O006,Polyester,985,1036,9.42,13,362.72,27,7.3,28.1,42.0,105.18,Smooth
2024-04-23,Morning,M005,O005,Blend,929,721,7.91,6,305.49,31,11.4,25.4,50.9,77.61,Low Quality Yarn
2024-03-22,Afternoon,M014,O007,Cotton,1147,856,2.52,25,400.01,28,5.8,37.3,72.3,74.63,Humidity Issue
2024-02-07,Night,M015,O026,Blend,1122,1020,1.17,1,386.22,22,13.1,30.2,70.6,90.91,Humidity Issue
2024-01-09,Afternoon,M017,O049,Cotton,1017,812,0.36,1,307.78,20,7.8,31.9,69.0,79.84,Smooth
2024-02-05,Morning,M014,O008,Cotton,1154,860,4.06,6,416.04,14,12.2,30.5,67.7,74.52,Smooth
2024-01-18,Afternoon,M002,O047,Blend,814,750,7.0,5,369.93,23,9.8,27.4,53.5,92.14,Smooth
2024-02-16,Morning,M005,O044,Polyester,916,973,5.87,0,429.07,40,7.7,29.1,75.8,106.22,Low Quality Yarn
2024-03-26,Afternoon,M004,O031,Cotton,1054,850,4.11,22,365.49,37,1.8,32.0,74.6,80.65,Smooth
2024-02-16,Afternoon,M010,O008,Polyester,1125,931,1.78,2,273.65,21,2.5,28.5,51.8,82.76,Smooth
2024-01-13,Morning,M012,O005,Polyester,1068,992,4.42,4,373.06,39,5.3,30.9,69.8,92.88,Smooth
2024-01-04,Morning,M012,O028,Blend,936,712,1.3,4,319.75,8,2.4,32.2,74.3,76.07,Smooth
2024-01-23,Night,M017,O011,Blend,1048,999,2.53,8,455.72,19,13.0,31.1,52.4,95.32,Smooth
2024-02-19,Morning,M009,O043,Blend,1018,995,0.16,4,380.49,12,12.0,23.8,48.7,97.74,Smooth
2024-04-05,Night,M014,O043,Polyester,959,931,8.03,8,391.14,22,12.2,33.7,51.8,97.08,Smooth
2024-01-13,Morning,M005,O024,Blend,901,836,7.45,4,330.75,35,14.0,24.4,61.8,92.79,Low Quality Yarn
2024-01-14,Night,M020,O032,Polyester,1129,1089,9.03,1,388.22,46,12.9,27.1,56.6,96.46,Humidity Issue
2024-02-12,Night,M003,O002,Cotton,921,677,4.38,2,398.69,8,12.5,27.8,57.1,73.51,Power Cut
2024-02-11,Morning,M012,O022,Polyester,1139,1068,0.9,4,340.99,20,14.0,34.1,53.8,93.77,Smooth
2024-02-19,Afternoon,M002,O017,Cotton,819,626,5.63,28,358.76,27,7.4,27.1,79.8,76.43,Smooth
2024-03-10,Night,M004,O041,Blend,845,821,0.74,49,269.52,26,4.9,27.9,43.5,97.16,Smooth
2024-01-03,Night,M010,O021,Cotton,859,601,4.5,18,299.72,9,2.9,27.1,51.4,69.97,Breakdown
2024-01-06,Morning,M013,O038,Polyester,873,887,9.06,36,371.75,20,2.1,29.1,74.8,101.6,Breakdown
2024-03-07,Night,M016,O032,Blend,872,832,1.65,5,399.99,23,14.8,27.3,42.2,95.41,Power Cut
2024-04-25,Afternoon,M012,O016,Cotton,904,761,4.82,6,406.82,34,14.1,27.3,72.2,84.18,Smooth
2024-02-23,Night,M020,O033,Polyester,942,979,5.51,17,308.54,22,7.3,25.2,51.4,103.93,Smooth
2024-02-14,Morning,M008,O001,Blend,1001,1085,3.13,1,315.5,15,3.7,30.1,58.6,108.39,Smooth
2024-03-03,Morning,M012,O008,Polyester,1062,927,8.0,13,258.06,21,11.7,27.6,42.1,87.29,Smooth
2024-02-28,Afternoon,M011,O035,Blend,1143,805,7.96,6,331.92,38,13.0,28.5,68.4,70.43,Smooth
2024-04-27,Morning,M016,O027,Polyester,1167,1042,5.2,36,323.78,19,10.3,31.6,56.2,89.29,Smooth
2024-01-09,Afternoon,M001,O036,Blend,1077,1155,0.89,7,330.0,40,2.8,26.9,78.7,107.24,Operator Absent
2024-03-31,Morning,M014,O050,Cotton,958,1021,1.67,1,332.24,28,9.2,26.1,42.9,106.58,Smooth
2024-01-08,Afternoon,M014,O001,Blend,1132,895,9.31,23,404.61,18,13.7,25.6,65.4,79.06,Smooth
2024-03-22,Afternoon,M015,O015,Blend,970,706,9.09,31,353.11,15,6.2,27.6,47.2,72.78,Smooth
2024-01-07,Morning,M010,O032,Cotton,1000,931,9.58,6,360.4,21,12.9,27.8,57.4,93.1,Smooth
2024-01-29,Afternoon,M005,O036,Cotton,1132,879,1.91,14,393.91,16,5.2,27.7,58.6,77.65,Smooth
2024-02-14,Morning,M004,O015,Blend,958,1032,9.32,2,301.01,31,7.2,28.8,76.0,107.72,Smooth
2024-02-13,Morning,M012,O017,Blend,1090,1168,3.84,6,277.17,21,1.0,28.7,65.7,107.16,Smooth
2024-01-15,Afternoon,M002,O013,Cotton,1173,944,0.52,2,370.93,27,6.5,31.1,79.1,80.48,Operator Absent
2024-01-26,Morning,M002,O010,Cotton,913,712,2.15,3,329.24,33,9.4,26.6,56.5,77.98,Smooth
2024-04-08,Morning,M007,O033,Cotton,1125,1207,0.48,2,449.96,13,6.3,33.4,66.0,107.29,Power Cut
2024-04-01,Morning,M011,O026,Cotton,949,929,6.38,3,342.28,14,14.2,27.4,59.0,97.89,Operator Absent
2024-03-21,Morning,M004,O003,Cotton,851,703,7.66,6,397.86,31,10.3,28.3,41.9,82.61,Low Quality Yarn
2024-02-22,Afternoon,M017,O001,Polyester,955,884,7.63,1,370.65,9,11.4,29.1,59.0,92.57,Humidity Issue
2024-01-15,Afternoon,M017,O035,Polyester,993,872,0.07,17,380.98,32,10.7,23.6,78.2,87.81,Smooth
2024-04-29,Morning,M020,O037,Polyester,921,840,4.0,30,281.31,12,12.7,32.9,54.5,91.21,Smooth
2024-04-08,Morning,M004,O030,Cotton,1049,1011,4.71,2,318.69,26,8.4,30.4,57.4,96.38,Breakdown
2024-02-18,Morning,M017,O007,Blend,941,940,8.28,14,386.77,40,12.7,30.2,52.1,99.89,Smooth
2024-03-16,Night,M017,O017,Cotton,885,771,4.71,1,310.66,10,14.0,27.6,63.2,87.12,Smooth
2024-04-13,Afternoon,M010,O039,Polyester,1071,1035,9.12,4,328.99,18,12.6,30.3,70.7,96.64,Smooth
2024-01-06,Morning,M009,O045,Cotton,1144,961,3.77,7,316.59,40,4.6,27.7,47.7,84.0,Humidity Issue
2024-02-27,Night,M004,O019,Blend,976,880,8.66,2,339.02,35,8.5,28.1,72.7,90.16,Smooth
2024-03-08,Night,M016,O022,Blend,887,961,7.93,9,321.12,47,6.1,30.0,46.1,108.34,Humidity Issue
2024-03-10,Night,M010,O032,Polyester,814,786,2.84,8,283.21,34,4.3,36.4,57.9,96.56,Smooth
2024-02-22,Afternoon,M018,O030,Blend,980,896,6.64,15,432.02,14,14.0,26.5,55.3,91.43,Smooth
2024-04-16,Night,M002,O024,Polyester,886,878,0.2,2,402.74,27,14.0,29.9,59.4,99.1,Smooth
2024-03-02,Morning,M018,O032,Cotton,1129,1011,1.2,16,369.91,46,14.2,29.2,60.8,89.55,Power Cut
2024-01-31,Night,M018,O030,Blend,1157,1123,7.79,1,328.57,33,2.7,30.3,47.3,97.06,Low Quality Yarn
2024-01-13,Night,M019,O028,Blend,998,844,4.32,9,350.35,14,8.8,27.6,65.5,84.57,Smooth
2024-03-03,Afternoon,M016,O042,Blend,1166,1075,7.38,4,330.91,31,9.9,34.5,40.7,92.2,Smooth
2024-02-22,Night,M013,O015,Blend,922,886,6.19,3,361.22,13,5.7,31.5,63.7,96.1,Smooth
2024-01-02,Afternoon,M003,O025,Polyester,902,932,0.44,2,277.82,11,0.9,32.1,49.8,103.33,Smooth
2024-04-19,Afternoon,M001,O045,Polyester,1172,1233,4.16,12,341.55,21,8.0,32.3,76.3,105.2,Low Quality Yarn
2024-02-09,Afternoon,M001,O022,Cotton,908,927,0.66,11,392.85,13,8.2,30.5,75.2,102.09,Smooth
2024-04-18,Afternoon,M020,O016,Polyester,926,800,4.82,0,303.18,38,4.6,26.4,58.4,86.39,Smooth
2024-02-26,Night,M003,O034,Cotton,1083,1048,1.62,6,380.61,36,10.2,31.2,45.1,96.77,Smooth
2024-02-24,Night,M013,O004,Cotton,1141,1230,1.33,14,360.23,47,11.4,29.7,48.8,107.8,Humidity Issue
2024-01-13,Afternoon,M017,O048,Polyester,816,715,6.18,14,334.03,30,8.0,31.6,58.5,87.62,Smooth
2024-02-16,Afternoon,M020,O008,Blend,935,772,5.81,13,438.63,29,10.8,26.3,42.1,82.57,Smooth
2024-03-12,Afternoon,M009,O029,Polyester,1022,1066,4.58,3,344.67,48,6.0,25.1,70.0,104.31,Breakdown
2024-04-20,Night,M008,O009,Cotton,1138,840,4.76,47,314.74,25,3.9,32.0,56.4,73.81,Smooth
2024-04-16,Night,M004,O015,Cotton,817,826,7.71,2,358.17,20,7.8,32.2,64.2,101.1,Low Quality Yarn
2024-02-08,Morning,M019,O017,Polyester,1036,957,4.86,7,372.55,30,2.4,28.6,70.6,92.37,Smooth
2024-03-13,Night,M007,O016,Blend,1075,1153,9.47,4,352.83,16,14.0,26.6,47.3,107.26,Operator Absent
2024-04-17,Morning,M018,O042,Cotton,862,690,4.07,4,339.45,11,4.4,34.3,60.4,80.05,Smooth
2024-02-27,Night,M020,O011,Cotton,978,742,6.12,8,364.27,34,14.2,30.4,49.8,75.87,Smooth
2024-04-24,Afternoon,M014,O021,Polyester,1078,811,3.02,22,341.89,22,1.2,29.9,61.8,75.23,Humidity Issue
2024-02-11,Afternoon,M009,O036,Polyester,1096,915,4.73,9,368.69,25,12.4,32.6,76.2,83.49,Breakdown
2024-03-15,Night,M012,O031,Cotton,836,625,5.32,3,356.43,27,2.9,29.0,72.5,74.76,Low Quality Yarn
2024-02-11,Afternoon,M018,O005,Polyester,1102,1147,9.14,3,335.75,36,1.2,31.9,41.8,104.08,Smooth
2024-02-02,Afternoon,M013,O048,Blend,901,890,4.44,2,378.37,8,12.2,26.9,43.2,98.78,Smooth
2024-02-11,Afternoon,M003,O028,Blend,1162,902,3.86,6,281.6,43,9.8,26.7,40.9,77.62,Smooth
2024-03-30,Night,M018,O030,Cotton,887,773,8.75,3,360.64,26,8.8,29.0,42.1,87.15,Smooth
2024-04-25,Afternoon,M012,O033,Blend,897,678,6.23,2,504.49,14,14.3,30.8,73.7,75.59,Smooth
2024-03-03,Night,M018,O038,Cotton,940,929,0.78,1,287.76,45,2.8,29.9,59.5,98.83,Smooth
2024-01-28,Afternoon,M012,O032,Polyester,1109,937,6.39,1,267.18,42,1.1,28.5,76.5,84.49,Smooth
2024-02-27,Night,M017,O006,Cotton,1064,1099,2.98,15,254.75,26,1.5,30.8,79.6,103.29,Smooth
2024-02-19,Night,M001,O009,Cotton,1110,794,6.55,5,272.1,30,1.5,38.5,47.8,71.53,Smooth
2024-01-17,Morning,M011,O017,Cotton,994,781,7.38,2,279.46,34,14.2,31.1,60.7,78.57,Breakdown
2024-04-23,Afternoon,M010,O036,Polyester,1120,941,2.34,0,392.46,29,14.2,26.2,55.9,84.02,Smooth
2024-01-05,Night,M003,O043,Cotton,936,914,4.89,7,333.52,26,10.7,24.9,77.6,97.65,Smooth
2024-03-07,Afternoon,M007,O006,Polyester,836,695,0.42,6,287.17,28,14.8,30.5,77.8,83.13,Humidity Issue
2024-02-29,Morning,M011,O037,Blend,991,771,8.75,12,445.64,33,7.5,23.5,54.9,77.8,Smooth
2024-03-11,Afternoon,M019,O014,Blend,959,860,5.79,2,364.61,30,1.9,32.0,64.2,89.68,Breakdown
2024-02-12,Afternoon,M019,O015,Polyester,1009,755,0.79,7,427.91,10,6.7,24.9,47.0,74.83,Smooth
2024-01-17,Morning,M012,O043,Blend,818,895,5.61,11,317.53,43,4.7,29.2,57.0,109.41,Smooth
2024-02-13,Afternoon,M019,O034,Cotton,1004,963,0.25,16,261.78,12,2.9,30.9,75.8,95.92,Smooth
2024-04-10,Night,M008,O013,Polyester,1176,1145,2.5,0,383.63,29,5.8,35.3,48.7,97.36,Smooth
2024-02-26,Morning,M009,O003,Polyester,998,965,9.71,1,277.17,26,4.2,35.6,73.0,96.69,Smooth
2024-01-14,Afternoon,M012,O040,Cotton,958,856,5.43,3,305.48,32,6.2,31.9,56.6,89.35,Smooth
2024-04-16,Afternoon,M015,O004,Polyester,853,757,3.68,1,404.12,27,4.7,26.2,58.4,88.75,Smooth
2024-03-08,Morning,M018,O019,Polyester,963,748,2.1,0,342.07,14,4.6,30.7,45.1,77.67,Operator Absent
2024-02-21,Night,M016,O031,Blend,800,764,0.75,1,282.0,29,8.6,33.7,50.2,95.5,Power Cut
2024-02-13,Morning,M007,O017,Cotton,1121,1076,1.16,7,267.42,36,13.1,28.7,80.0,95.99,Humidity Issue
2024-01-27,Morning,M010,O024,Cotton,873,823,4.05,2,342.86,20,13.8,24.9,54.7,94.27,Smooth
2024-02-08,Afternoon,M005,O010,Polyester,1081,918,3.84,18,409.52,21,12.4,34.7,41.5,84.92,Smooth
2024-04-23,Morning,M016,O038,Cotton,1170,1226,5.13,5,454.58,12,13.1,29.9,57.9,104.79,Humidity Issue
2024-03-27,Afternoon,M019,O029,Blend,1030,862,1.38,5,221.8,32,6.6,29.7,78.5,83.69,Smooth
2024-03-23,Night,M006,O018,Polyester,943,886,8.07,1,267.39,29,13.0,26.9,43.1,93.96,Smooth
2024-01-24,Night,M001,O042,Blend,1083,789,8.5,2,375.29,34,2.3,36.0,45.2,72.85,Power Cut
2024-01-05,Afternoon,M002,O014,Cotton,820,756,9.46,5,399.78,35,12.6,25.2,79.8,92.2,Smooth
2024-03-18,Night,M013,O026,Polyester,826,585,1.13,9,321.67,11,11.9,32.5,42.3,70.82,Humidity Issue
2024-04-16,Afternoon,M014,O048,Blend,816,691,5.06,8,308.03,23,9.0,34.0,61.9,84.68,Operator Absent
2024-03-11,Night,M020,O007,Polyester,1032,986,2.59,0,335.4,29,12.7,28.8,68.1,95.54,Smooth
2024-04-16,Afternoon,M007,O019,Blend,1038,1054,3.51,5,288.17,13,9.1,28.7,79.6,101.54,Humidity Issue
2024-01-11,Morning,M005,O050,Cotton,979,750,0.47,15,385.15,28,14.2,28.4,56.4,76.61,Smooth
2024-02-29,Morning,M017,O048,Cotton,908,876,4.65,9,283.0,26,8.2,29.3,72.4,96.48,Low Quality Yarn
2024-01-23,Night,M009,O021,Cotton,864,858,6.64,1,350.13,39,13.8,35.4,42.2,99.31,Smooth
2024-01-30,Morning,M002,O014,Blend,1025,1053,0.38,4,291.76,41,0.6,30.4,46.7,102.73,Smooth
2024-02-21,Night,M001,O024,Cotton,1015,946,7.14,24,400.67,24,0.5,33.6,44.8,93.2,Smooth
2024-03-13,Night,M004,O022,Cotton,970,886,6.75,5,358.27,11,3.3,35.2,73.6,91.34,Smooth
2024-03-18,Afternoon,M019,O033,Cotton,806,797,8.95,1,396.94,13,8.9,26.3,76.2,98.88,Smooth
2024-04-24,Morning,M002,O030,Cotton,1196,990,6.7,2,275.08,18,5.0,33.4,47.2,82.78,Smooth
2024-02-14,Night,M013,O031,Cotton,1100,1166,3.97,2,254.62,46,14.6,28.4,57.5,106.0,Smooth
2024-01-19,Night,M013,O045,Blend,953,995,5.66,1,356.89,35,13.4,35.9,57.6,104.41,Smooth
2024-01-28,Night,M004,O049,Blend,868,920,7.51,6,268.22,45,10.2,32.9,41.8,105.99,Smooth
2024-03-31,Night,M020,O041,Blend,997,828,6.23,0,347.82,19,6.9,28.8,50.5,83.05,Smooth
2024-01-06,Morning,M002,O004,Polyester,1138,871,6.89,7,319.2,29,1.5,26.9,45.9,76.54,Smooth
2024-01-11,Afternoon,M009,O001,Cotton,984,717,8.12,13,391.39,26,7.4,32.9,65.7,72.87,Power Cut
2024-04-21,Afternoon,M008,O022,Polyester,849,607,6.21,15,237.96,12,9.8,30.0,67.7,71.5,Smooth
2024-03-05,Morning,M011,O043,Polyester,1180,1237,3.42,14,399.79,38,8.0,30.5,63.1,104.83,Smooth
2024-01-24,Night,M005,O003,Cotton,1169,1168,9.65,0,466.05,34,1.9,31.8,70.7,99.91,Breakdown
2024-04-14,Morning,M018,O035,Blend,1200,1198,3.12,3,332.93,40,14.1,31.6,67.1,99.83,Smooth
2024-01-31,Afternoon,M010,O016,Polyester,854,739,6.9,4,386.94,17,1.2,33.8,41.2,86.53,Smooth
2024-03-19,Morning,M006,O038,Cotton,1030,949,7.62,7,285.16,26,1.5,28.0,78.2,92.14,Breakdown
2024-04-11,Morning,M006,O023,Polyester,869,685,9.22,5,351.69,32,0.6,30.9,69.9,78.83,Low Quality Yarn
2024-04-25,Night,M018,O034,Polyester,1001,1062,1.4,1,385.17,33,8.1,29.6,45.6,106.09,Humidity Issue
2024-03-06,Morning,M011,O011,Blend,1009,706,8.1,0,385.31,12,10.1,30.7,43.1,69.97,Humidity Issue
2024-02-05,Morning,M005,O023,Blend,1173,1104,1.64,13,332.76,37,3.0,24.4,69.7,94.12,Smooth
2024-01-03,Night,M002,O002,Polyester,860,706,6.62,1,311.91,19,4.1,31.2,69.9,82.09,Smooth
2024-01-24,Afternoon,M002,O032,Polyester,862,693,8.82,22,373.11,9,6.2,26.3,68.5,80.39,Smooth
2024-03-04,Morning,M018,O010,Polyester,924,890,6.25,3,308.84,34,7.8,29.2,68.4,96.32,Power Cut
2024-03-29,Night,M003,O002,Blend,1066,852,3.24,4,351.42,26,7.1,30.1,41.2,79.92,Operator Absent
2024-03-28,Morning,M015,O028,Polyester,923,970,0.13,28,243.04,45,0.9,29.6,63.3,105.09,Smooth
2024-01-26,Afternoon,M002,O019,Blend,997,916,2.19,5,414.53,9,14.1,32.6,46.6,91.88,Low Quality Yarn
2024-02-07,Morning,M019,O016,Polyester,1155,916,2.63,0,314.13,13,10.9,29.0,74.2,79.31,Breakdown
2024-02-10,Night,M008,O038,Polyester,965,774,0.21,2,275.88,23,4.2,28.9,77.6,80.21,Breakdown
2024-04-07,Morning,M012,O029,Polyester,1146,1217,5.67,4,284.27,47,7.0,24.7,74.3,106.2,Smooth
2024-02-24,Night,M007,O043,Cotton,938,1010,3.36,8,282.84,45,2.8,28.8,58.2,107.68,Breakdown
2024-04-14,Afternoon,M013,O041,Cotton,955,899,6.92,4,359.75,24,1.5,33.2,58.6,94.14,Power Cut
2024-01-03,Morning,M003,O015,Blend,933,959,6.15,17,298.02,10,4.9,30.0,67.9,102.79,Humidity Issue
2024-03-04,Morning,M004,O024,Blend,1079,1096,2.96,6,260.2,21,2.5,25.3,47.9,101.58,Smooth
2024-01-26,Night,M001,O034,Polyester,917,662,1.98,0,276.23,32,3.3,33.1,53.8,72.19,Humidity Issue
2024-01-01,Afternoon,M011,O032,Blend,1081,911,0.08,18,354.41,28,10.0,32.9,55.5,84.27,Breakdown
2024-03-19,Night,M001,O050,Cotton,1156,1108,0.45,0,457.99,50,2.0,24.4,72.9,95.85,Smooth
2024-01-22,Night,M018,O016,Blend,836,655,3.94,3,295.7,19,12.1,29.1,57.7,78.35,Breakdown
2024-02-11,Night,M002,O016,Cotton,1082,969,8.49,12,265.0,43,8.9,29.8,48.8,89.56,Smooth
2024-01-05,Morning,M012,O001,Blend,1075,868,8.03,0,327.18,25,13.3,33.9,56.5,80.74,Smooth
2024-01-03,Night,M003,O011,Cotton,836,764,0.49,0,389.58,11,2.1,26.6,56.4,91.39,Smooth
2024-02-29,Afternoon,M016,O005,Blend,936,897,7.12,1,382.95,39,11.7,28.7,46.8,95.83,Smooth
2024-04-05,Afternoon,M014,O039,Blend,939,965,7.69,9,288.73,14,7.9,27.5,63.4,102.77,Smooth
2024-02-18,Night,M009,O035,Polyester,1097,925,4.75,4,387.95,15,6.0,30.8,45.6,84.32,Smooth
2024-03-09,Morning,M005,O040,Cotton,1167,1108,7.29,26,357.55,13,13.5,28.1,61.2,94.94,Smooth
2024-03-23,Morning,M019,O023,Cotton,901,871,8.32,1,311.28,25,9.2,28.8,41.2,96.67,Humidity Issue
2024-03-09,Morning,M004,O020,Polyester,978,792,0.33,5,298.02,36,8.0,31.3,46.1,80.98,Humidity Issue
2024-03-01,Morning,M010,O031,Blend,1175,1255,7.57,13,304.09,23,10.5,31.9,48.8,106.81,Smooth
2024-02-14,Afternoon,M003,O020,Blend,861,753,7.82,15,421.52,32,10.0,29.3,49.1,87.46,Smooth
2024-04-14,Morning,M013,O045,Cotton,807,653,3.15,1,306.47,18,13.7,28.0,44.2,80.92,Smooth
2024-04-15,Morning,M007,O040,Blend,1140,1126,6.87,1,356.3,27,11.5,32.3,50.3,98.77,Humidity Issue
2024-01-01,Afternoon,M007,O047,Cotton,848,828,0.4,18,453.69,15,10.3,27.6,70.9,97.64,Smooth
2024-03-07,Afternoon,M001,O032,Blend,947,842,6.18,6,349.74,36,12.1,32.9,56.4,88.91,Smooth
2024-04-10,Night,M009,O043,Blend,833,659,4.06,17,356.94,27,5.6,25.4,65.7,79.11,Breakdown
2024-01-25,Morning,M019,O038,Polyester,1077,859,1.09,15,336.0,37,5.5,28.5,78.9,79.76,Low Quality Yarn
2024-02-11,Afternoon,M018,O001,Polyester,991,1082,2.68,0,328.4,15,10.8,35.4,41.2,109.18,Operator Absent
2024-04-01,Night,M007,O013,Blend,1155,1210,1.39,1,398.67,31,5.4,31.9,49.4,104.76,Smooth
2024-04-09,Afternoon,M011,O030,Polyester,1021,910,5.52,9,349.33,21,7.0,29.0,62.8,89.13,Smooth
2024-02-22,Morning,M011,O025,Polyester,1041,910,4.15,13,395.4,18,9.3,31.5,63.4,87.42,Smooth
2024-01-21,Morning,M014,O034,Polyester,1082,917,4.86,3,331.61,13,10.4,28.6,66.4,84.75,Smooth
2024-02-29,Afternoon,M003,O004,Blend,1056,1140,7.3,0,454.94,55,8.2,25.8,76.2,107.95,Smooth
2024-04-29,Night,M002,O020,Blend,928,680,1.91,5,412.86,33,6.1,31.0,41.9,73.28,Smooth
2024-01-16,Afternoon,M018,O017,Cotton,842,859,6.04,2,435.08,35,7.7,29.9,52.2,102.02,Breakdown
2024-04-27,Afternoon,M017,O030,Cotton,1054,1148,6.63,5,398.65,22,3.0,27.2,61.2,108.92,Smooth
2024-04-06,Night,M005,O002,Polyester,1180,962,6.29,1,285.45,9,2.3,32.8,77.3,81.53,Smooth
2024-01-11,Night,M001,O006,Polyester,1117,1169,2.34,15,367.98,29,10.4,30.2,42.5,104.66,Smooth
2024-01-20,Night,M003,O001,Cotton,1011,867,9.64,7,317.41,33,9.9,28.9,55.0,85.76,Smooth
2024-01-30,Afternoon,M005,O037,Cotton,985,1064,0.22,3,338.35,21,8.2,31.6,73.0,108.02,Smooth
2024-02-29,Night,M010,O005,Blend,1078,799,9.43,15,378.62,20,6.3,27.4,71.3,74.12,Smooth
2024-03-08,Afternoon,M002,O029,Polyester,887,962,1.27,5,233.68,23,1.3,28.9,67.4,108.46,Smooth
2024-03-16,Morning,M018,O003,Cotton,888,776,1.95,16,346.82,17,9.8,34.2,51.5,87.39,Smooth
2024-03-11,Morning,M020,O038,Cotton,909,722,7.31,0,328.02,34,8.0,28.2,54.6,79.43,Smooth
2024-04-09,Morning,M009,O008,Blend,1058,1110,3.95,4,324.01,25,10.3,26.3,51.6,104.91,Smooth
2024-04-29,Afternoon,M012,O016,Polyester,1052,979,0.66,2,382.86,24,10.1,29.6,50.2,93.06,Humidity Issue
2024-03-22,Night,M013,O041,Blend,1139,855,0.59,3,333.67,34,0.7,29.0,62.3,75.07,Smooth
2024-02-24,Morning,M011,O030,Cotton,845,719,5.07,8,293.21,28,13.1,26.9,47.7,85.09,Power Cut
2024-01-03,Afternoon,M001,O004,Cotton,1194,882,8.98,4,246.81,13,9.0,32.3,61.0,73.87,Smooth
2024-01-20,Night,M013,O023,Cotton,1120,874,4.52,15,307.37,27,10.7,30.6,71.7,78.04,Smooth
2024-01-08,Afternoon,M013,O034,Polyester,1026,976,1.53,12,262.77,35,3.6,27.2,63.6,95.13,Smooth
2024-01-04,Afternoon,M013,O032,Polyester,1073,1143,7.98,25,286.57,50,4.2,35.4,79.2,106.52,Smooth
2024-02-08,Afternoon,M013,O023,Blend,838,792,7.94,0,378.41,8,12.3,27.9,40.6,94.51,Smooth
2024-04-21,Afternoon,M008,O027,Polyester,1065,1025,3.65,9,298.07,14,1.5,33.9,63.6,96.24,Power Cut
2024-01-04,Afternoon,M011,O042,Polyester,1077,978,7.42,7,257.13,10,5.4,25.8,79.0,90.81,Operator Absent
2024-01-13,Night,M001,O029,Polyester,1098,1152,3.29,8,340.13,12,1.6,33.5,60.4,104.92,Breakdown
2024-02-03,Morning,M011,O012,Blend,828,900,6.93,0,378.86,39,9.5,28.0,65.8,108.7,Smooth
2024-02-18,Night,M018,O045,Polyester,984,699,8.29,15,393.92,12,1.1,27.0,48.0,71.04,Humidity Issue
2024-03-31,Morning,M007,O020,Blend,1067,823,3.38,5,187.28,17,0.9,33.6,64.2,77.13,Low Quality Yarn
2024-02-09,Morning,M004,O026,Cotton,816,700,2.99,20,380.82,20,2.4,31.3,67.8,85.78,Smooth
2024-03-09,Morning,M019,O010,Polyester,1128,882,4.41,0,343.01,40,13.0,30.4,58.6,78.19,Smooth
2024-03-07,Morning,M016,O003,Polyester,847,845,6.19,16,420.92,24,14.1,29.0,59.5,99.76,Operator Absent
2024-03-12,Afternoon,M019,O010,Blend,913,808,7.85,17,285.25,23,14.5,30.7,70.1,88.5,Smooth
2024-02-25,Afternoon,M019,O009,Polyester,839,859,0.33,6,402.13,10,12.9,31.4,61.9,102.38,Humidity Issue
2024-02-14,Night,M001,O045,Blend,1141,888,3.17,3,317.4,14,12.3,30.1,45.3,77.83,Smooth
2024-01-10,Afternoon,M013,O050,Cotton,1191,944,4.53,7,334.57,39,9.5,34.6,44.5,79.26,Smooth
2024-02-13,Morning,M003,O048,Polyester,1121,854,4.37,5,375.7,21,3.0,34.7,49.1,76.18,Smooth
2024-02-07,Morning,M008,O023,Cotton,1090,1013,4.23,7,374.61,44,4.2,27.0,59.7,92.94,Smooth
2024-02-05,Afternoon,M020,O038,Cotton,934,1018,3.33,9,360.22,13,14.4,27.6,68.6,108.99,Smooth
2024-02-20,Night,M004,O035,Cotton,905,918,7.04,8,406.32,44,7.7,29.5,77.3,101.44,Operator Absent
2024-04-23,Night,M014,O009,Blend,859,801,5.38,6,353.05,20,7.0,25.1,79.2,93.25,Low Quality Yarn
2024-02-25,Night,M018,O035,Blend,818,687,4.52,1,425.74,10,8.8,31.2,50.1,83.99,Smooth
2024-04-26,Night,M017,O027,Blend,813,643,0.12,1,314.69,31,5.0,28.9,45.2,79.09,Smooth
2024-03-20,Morning,M007,O014,Blend,1079,841,5.88,0,334.28,9,9.8,25.2,56.6,77.94,Humidity Issue
2024-03-08,Night,M018,O027,Cotton,1059,855,2.07,10,287.89,32,8.7,29.0,74.3,80.74,Smooth
2024-04-01,Morning,M018,O043,Cotton,1132,845,7.86,11,367.33,23,14.2,27.9,45.7,74.65,Breakdown
2024-03-12,Afternoon,M001,O018,Cotton,860,823,3.82,31,361.56,37,4.4,29.7,72.1,95.7,Smooth
2024-04-03,Afternoon,M006,O048,Blend,865,949,2.53,5,256.3,10,3.7,30.6,51.3,109.71,Smooth
2024-02-09,Afternoon,M011,O019,Cotton,839,736,1.71,20,325.02,26,10.0,30.7,78.2,87.72,Smooth
2024-02-26,Morning,M017,O011,Blend,1175,823,2.48,26,357.89,33,1.8,30.9,60.6,70.04,Smooth
2024-03-24,Night,M020,O036,Blend,895,709,1.81,16,345.23,33,3.2,26.7,79.1,79.22,Smooth
2024-01-17,Morning,M014,O042,Polyester,1101,1208,5.56,1,313.52,27,4.6,24.7,78.9,109.72,Smooth
2024-01-17,Night,M012,O013,Polyester,1077,819,7.33,0,388.73,17,3.2,30.5,66.1,76.04,Smooth
2024-01-22,Morning,M003,O027,Polyester,888,874,6.88,3,345.97,38,7.1,32.4,57.0,98.42,Smooth
2024-03-23,Morning,M011,O050,Blend,942,718,4.26,7,347.7,29,10.4,28.8,65.4,76.22,Breakdown
2024-01-13,Morning,M011,O027,Blend,822,874,0.18,8,360.5,20,2.5,34.4,75.5,106.33,Breakdown
2024-04-01,Night,M001,O044,Cotton,915,812,8.78,8,401.71,29,6.3,31.8,60.5,88.74,Smooth
2024-02-07,Morning,M017,O026,Blend,901,920,3.74,4,362.72,24,6.4,27.9,67.2,102.11,Smooth
2024-04-27,Afternoon,M007,O038,Polyester,815,592,5.94,14,330.93,27,10.0,31.1,75.3,72.64,Smooth
2024-01-25,Morning,M013,O044,Polyester,1157,1034,5.42,25,344.04,21,6.2,32.8,55.5,89.37,Smooth
2024-04-05,Morning,M011,O032,Cotton,914,744,2.69,19,360.23,12,5.5,28.5,42.5,81.4,Operator Absent
2024-01-28,Morning,M014,O034,Cotton,982,793,7.68,21,340.14,22,13.2,25.5,70.5,80.75,Smooth
2024-04-26,Morning,M006,O044,Cotton,906,820,6.71,18,349.88,37,11.2,30.0,61.7,90.51,Breakdown
2024-02-13,Night,M012,O041,Cotton,801,730,3.48,7,302.41,28,13.0,35.4,46.2,91.14,Smooth
2024-03-04,Afternoon,M009,O030,Cotton,933,821,4.08,11,386.47,37,6.6,26.1,76.4,88.0,Low Quality Yarn
2024-01-06,Afternoon,M003,O014,Polyester,982,1077,1.06,2,350.53,47,0.8,26.0,64.2,109.67,Smooth
2024-04-16,Afternoon,M007,O048,Cotton,1039,842,8.62,3,405.91,15,1.0,33.6,56.4,81.04,Power Cut
2024-02-13,Afternoon,M009,O022,Blend,1055,860,8.09,16,462.47,29,12.5,27.3,57.0,81.52,Humidity Issue
2024-03-07,Afternoon,M016,O022,Polyester,915,741,2.65,7,246.3,10,10.9,24.7,48.5,80.98,Smooth
2024-03-15,Morning,M012,O044,Polyester,1079,840,4.13,2,258.98,23,8.3,33.6,48.1,77.85,Breakdown
2024-02-25,Night,M003,O038,Blend,1001,763,8.8,5,326.69,22,8.5,29.7,62.4,76.22,Smooth
2024-04-24,Afternoon,M012,O009,Blend,998,980,1.77,2,349.64,18,1.4,26.6,53.0,98.2,Smooth
2024-01-18,Night,M002,O042,Cotton,917,694,7.1,7,325.75,23,5.4,31.4,63.4,75.68,Smooth
2024-02-19,Afternoon,M007,O029,Polyester,850,702,0.87,2,334.99,25,4.3,26.1,40.5,82.59,Power Cut
2024-01-12,Afternoon,M017,O006,Blend,1166,1058,6.06,32,310.35,34,14.0,37.4,73.1,90.74,Smooth
2024-02-20,Afternoon,M002,O028,Blend,1055,874,2.37,3,434.67,26,1.5,30.1,68.9,82.84,Breakdown
2024-01-30,Afternoon,M002,O023,Polyester,1083,1107,2.89,10,397.46,48,8.1,29.5,67.7,102.22,Operator Absent
2024-04-22,Morning,M014,O004,Cotton,1084,1141,4.96,3,310.77,29,13.1,32.1,69.0,105.26,Breakdown
2024-02-21,Night,M014,O012,Polyester,947,815,2.15,4,308.37,32,4.2,28.3,58.2,86.06,Breakdown
2024-01-07,Night,M015,O003,Blend,1009,862,9.82,4,434.59,23,6.8,34.6,42.2,85.43,Smooth
2024-02-09,Afternoon,M003,O036,Cotton,969,878,5.05,1,361.53,15,4.1,27.5,46.9,90.61,Smooth
2024-03-07,Morning,M011,O039,Blend,1057,1144,8.55,2,296.1,33,0.8,28.1,66.9,108.23,Smooth
2024-01-02,Afternoon,M013,O050,Polyester,1160,1054,8.99,1,378.61,15,6.3,31.8,46.8,90.86,Smooth
2024-02-19,Night,M005,O020,Blend,1113,892,2.63,8,379.63,13,14.6,29.6,49.2,80.14,Smooth
2024-03-23,Night,M013,O012,Cotton,1043,1052,3.39,1,328.47,38,8.7,32.4,58.9,100.86,Smooth
2024-02-29,Night,M006,O038,Cotton,1196,1074,7.32,0,385.73,13,2.5,30.9,68.7,89.8,Smooth
2024-04-16,Night,M007,O048,Blend,1140,997,4.04,1,296.0,28,11.6,30.1,50.3,87.46,Humidity Issue
2024-01-24,Night,M011,O014,Polyester,982,876,9.92,11,335.65,35,1.1,33.5,44.9,89.21,Smooth
2024-04-30,Night,M001,O043,Polyester,908,709,4.02,18,414.6,27,9.0,26.1,54.3,78.08,Smooth
2024-04-27,Afternoon,M007,O009,Blend,1040,968,3.42,0,400.5,22,6.2,26.0,50.5,93.08,Smooth
2024-01-21,Night,M005,O035,Blend,960,803,4.11,12,384.55,9,7.8,30.1,63.4,83.65,Smooth
2024-01-16,Morning,M003,O023,Cotton,922,984,0.49,8,328.51,44,0.8,31.8,69.3,106.72,Smooth
2024-02-07,Afternoon,M004,O040,Cotton,894,959,6.57,5,326.01,36,7.5,29.9,45.0,107.27,Smooth
2024-03-07,Afternoon,M010,O043,Cotton,941,739,0.64,8,355.58,31,13.0,37.1,64.6,78.53,Breakdown
2024-02-09,Afternoon,M003,O016,Polyester,1026,723,6.95,5,446.95,17,13.8,32.6,45.4,70.47,Breakdown
2024-01-17,Night,M001,O009,Cotton,918,889,0.04,25,293.69,16,9.0,25.5,57.7,96.84,Smooth
2024-03-19,Morning,M016,O032,Cotton,832,593,3.2,16,405.66,22,5.0,32.8,44.0,71.27,Smooth
2024-02-26,Afternoon,M009,O037,Polyester,819,662,8.32,39,336.03,10,5.2,30.0,63.1,80.83,Humidity Issue
2024-04-20,Night,M018,O047,Blend,1178,859,9.43,4,352.62,34,9.3,30.2,65.1,72.92,Smooth
2024-01-31,Afternoon,M004,O036,Cotton,804,767,6.29,8,371.89,14,1.7,31.0,59.3,95.4,Smooth
2024-04-05,Night,M005,O024,Polyester,1013,917,8.29,5,399.01,10,9.4,37.7,73.1,90.52,Smooth
2024-03-09,Afternoon,M008,O022,Cotton,862,657,5.94,9,347.2,12,3.0,30.8,66.7,76.22,Smooth
2024-04-26,Afternoon,M008,O015,Blend,1173,1107,6.44,0,337.85,24,7.2,32.6,55.6,94.37,Breakdown
2024-04-15,Night,M007,O030,Blend,1018,1064,9.29,3,367.64,50,4.1,31.4,63.1,104.52,Smooth
2024-02-12,Morning,M010,O029,Blend,1177,953,8.24,0,254.55,21,9.9,32.3,74.1,80.97,Smooth
2024-03-19,Afternoon,M010,O022,Blend,1178,1111,8.53,3,210.73,11,8.6,33.3,66.5,94.31,Breakdown
2024-04-02,Morning,M002,O028,Blend,865,810,7.36,8,272.34,10,6.7,32.0,62.2,93.64,Smooth
2024-02-29,Night,M005,O027,Blend,1045,868,7.2,10,408.82,31,9.7,27.7,62.1,83.06,Low Quality Yarn
2024-02-20,Afternoon,M008,O022,Blend,803,565,6.97,4,274.41,10,5.4,31.6,59.1,70.36,Breakdown
2024-04-12,Morning,M006,O035,Polyester,1066,872,5.15,1,438.47,23,9.6,30.6,53.6,81.8,Breakdown
2024-03-04,Morning,M017,O027,Cotton,1012,830,5.78,6,266.89,20,1.7,31.9,42.1,82.02,Smooth
2024-01-15,Night,M009,O001,Cotton,1162,931,0.74,1,287.1,41,7.5,32.6,52.2,80.12,Operator Absent
2024-04-28,Night,M020,O044,Polyester,1195,1083,3.82,8,256.5,41,5.8,27.2,73.3,90.63,Smooth
2024-03-18,Afternoon,M012,O033,Polyester,1036,913,7.2,1,373.7,16,2.6,32.1,52.7,88.13,Smooth
2024-03-15,Morning,M008,O010,Cotton,804,876,2.57,6,345.8,28,14.3,28.8,60.7,108.96,Smooth
2024-04-18,Morning,M014,O038,Polyester,1047,1075,5.47,0,386.21,51,13.0,24.7,49.1,102.67,Humidity Issue
2024-03-11,Afternoon,M006,O040,Polyester,1070,843,2.01,25,370.55,21,7.8,31.6,58.6,78.79,Humidity Issue
2024-03-10,Afternoon,M007,O042,Cotton,843,675,5.05,0,326.53,20,5.9,34.6,69.6,80.07,Smooth
2024-03-28,Afternoon,M020,O010,Blend,1034,1048,7.63,12,319.8,30,5.3,26.7,70.2,101.35,Smooth
2024-02-03,Morning,M001,O012,Polyester,828,688,1.38,5,290.57,8,7.6,36.0,68.1,83.09,Smooth
2024-03-13,Morning,M006,O037,Cotton,1058,957,8.72,3,409.32,39,5.2,24.3,68.6,90.45,Smooth
2024-04-17,Afternoon,M018,O017,Cotton,910,686,2.91,1,321.63,26,14.2,31.9,61.1,75.38,Operator Absent
2024-02-22,Afternoon,M018,O033,Cotton,1085,993,4.61,3,471.32,49,14.1,28.3,74.5,91.52,Breakdown
2024-04-20,Morning,M016,O015,Polyester,1173,1238,4.68,10,338.3,60,6.5,32.6,64.0,105.54,Humidity Issue
2024-02-04,Night,M008,O038,Cotton,976,960,9.51,2,357.08,19,11.8,35.0,62.1,98.36,Humidity Issue
2024-04-03,Morning,M013,O019,Cotton,1109,1069,3.23,6,281.12,19,14.4,35.1,60.5,96.39,Smooth
2024-02-11,Night,M004,O008,Cotton,1056,1049,4.11,4,268.81,33,8.4,25.0,59.9,99.34,Operator Absent
2024-03-17,Night,M004,O018,Cotton,1156,871,4.96,1,431.97,22,13.7,33.2,65.5,75.35,Humidity Issue
2024-04-27,Afternoon,M010,O009,Blend,1102,1110,3.69,32,365.92,18,4.4,30.9,51.4,100.73,Low Quality Yarn
2024-03-06,Morning,M008,O027,Polyester,1115,901,8.55,0,340.59,16,3.9,28.9,71.9,80.81,Smooth
2024-04-18,Night,M018,O024,Polyester,1009,933,0.06,5,303.26,34,10.7,29.3,68.8,92.47,Low Quality Yarn
2024-01-23,Afternoon,M015,O004,Cotton,1168,1157,0.0,30,371.84,15,11.2,31.2,78.4,99.06,Smooth
2024-04-15,Night,M013,O047,Cotton,1114,1082,5.71,29,455.26,31,14.0,26.4,43.0,97.13,Power Cut
2024-04-07,Night,M008,O024,Blend,897,807,6.87,15,391.68,38,1.4,30.5,56.1,89.97,Smooth
2024-04-15,Night,M014,O014,Cotton,916,649,3.29,7,393.65,13,13.5,37.3,77.1,70.85,Smooth
2024-03-12,Night,M009,O039,Polyester,1167,1004,8.9,4,341.29,14,14.0,35.1,58.2,86.03,Low Quality Yarn
2024-01-16,Afternoon,M013,O009,Polyester,803,798,3.67,0,349.55,30,5.4,27.2,67.8,99.38,Breakdown
2024-03-27,Afternoon,M014,O007,Cotton,946,926,7.04,6,348.88,25,3.4,32.6,52.3,97.89,Low Quality Yarn
2024-03-31,Night,M014,O043,Cotton,1084,777,6.34,2,401.43,17,4.0,27.8,46.8,71.68,Operator Absent
2024-04-30,Night,M015,O040,Cotton,987,996,1.3,6,448.96,35,12.3,30.2,41.8,100.91,Smooth
2024-02-18,Night,M013,O024,Cotton,1052,861,2.8,1,299.61,26,10.1,26.6,55.2,81.84,Smooth
2024-02-08,Morning,M001,O039,Polyester,1164,1149,3.36,3,328.9,15,6.6,30.1,77.7,98.71,Smooth
2024-04-01,Night,M019,O045,Cotton,990,978,0.88,18,385.11,41,6.4,34.4,48.9,98.79,Smooth
2024-04-19,Morning,M009,O007,Cotton,838,758,5.49,7,380.95,34,13.2,30.3,72.1,90.45,Smooth
2024-02-08,Night,M010,O042,Polyester,806,868,0.98,3,410.54,26,11.3,29.9,45.6,107.69,Smooth
2024-04-21,Afternoon,M020,O036,Blend,1160,929,7.32,1,285.28,22,10.8,27.5,54.7,80.09,Breakdown
2024-02-27,Night,M019,O022,Blend,1036,955,1.0,16,422.5,37,3.5,26.2,75.4,92.18,Smooth
2024-01-22,Morning,M018,O036,Cotton,1169,1106,4.29,2,319.15,46,10.6,26.7,70.6,94.61,Smooth
2024-02-03,Afternoon,M015,O012,Polyester,1121,982,7.16,4,378.11,48,5.0,26.3,58.4,87.6,Smooth
2024-02-13,Morning,M015,O016,Polyester,916,888,5.42,18,368.72,39,2.1,32.7,53.9,96.94,Breakdown
2024-03-16,Morning,M006,O020,Cotton,1081,1135,2.02,0,376.58,18,12.9,31.4,67.5,105.0,Smooth
2024-02-20,Morning,M015,O008,Polyester,1033,937,8.3,5,319.02,28,8.2,27.4,72.2,90.71,Power Cut
2024-04-30,Night,M007,O010,Cotton,1120,1138,5.81,15,390.81,30,13.2,26.8,51.9,101.61,Breakdown
2024-04-08,Night,M019,O018,Cotton,818,576,3.01,8,381.51,25,13.7,23.3,50.6,70.42,Smooth
2024-02-21,Morning,M014,O014,Blend,996,881,5.49,29,311.46,9,0.6,34.3,58.4,88.45,Operator Absent
2024-03-25,Night,M016,O040,Cotton,889,795,0.23,11,375.68,17,2.9,24.7,56.3,89.43,Smooth
2024-02-01,Afternoon,M008,O015,Cotton,1187,941,5.35,2,288.56,34,11.4,30.1,44.4,79.28,Smooth
2024-03-04,Afternoon,M004,O021,Polyester,1037,919,0.71,9,360.06,28,13.9,24.9,62.0,88.62,Smooth
2024-04-29,Morning,M007,O022,Cotton,833,777,4.02,29,313.52,34,6.8,32.8,73.1,93.28,Smooth
2024-03-23,Morning,M017,O005,Cotton,1072,1103,1.89,12,298.89,24,11.0,26.8,49.2,102.89,Smooth
2024-02-10,Night,M008,O026,Blend,943,660,7.15,1,337.4,16,7.4,28.9,41.8,69.99,Smooth
2024-01-26,Morning,M017,O028,Polyester,833,906,7.16,3,323.03,31,2.6,24.3,47.6,108.76,Smooth
2024-04-14,Night,M006,O043,Cotton,1013,1057,2.56,4,368.41,25,10.4,32.5,40.8,104.34,Humidity Issue
2024-03-31,Night,M020,O038,Polyester,912,906,4.87,16,351.33,22,7.2,32.7,67.6,99.34,Smooth
2024-03-01,Night,M007,O031,Polyester,895,942,2.07,25,331.99,13,2.1,31.9,51.6,105.25,Smooth
2024-01-03,Night,M011,O021,Polyester,932,881,8.04,22,351.13,10,5.6,23.2,47.2,94.53,Humidity Issue
2024-02-24,Night,M005,O008,Blend,880,843,4.64,6,377.88,15,8.0,29.7,69.4,95.8,Breakdown
2024-02-29,Morning,M002,O014,Blend,1035,955,9.29,4,306.47,32,4.7,29.8,46.4,92.27,Smooth
2024-01-31,Morning,M013,O041,Blend,813,746,5.32,0,396.19,13,7.3,34.4,68.8,91.76,Smooth
2024-02-10,Night,M017,O024,Blend,1190,1085,3.95,3,380.55,40,1.6,30.5,58.4,91.18,Breakdown
2024-03-04,Night,M004,O010,Blend,1155,1220,0.94,44,340.7,53,6.6,31.8,57.6,105.63,Breakdown
2024-02-29,Night,M014,O017,Blend,1143,1090,7.74,0,287.5,25,5.5,31.1,58.8,95.36,Low Quality Yarn
2024-01-13,Afternoon,M014,O030,Blend,836,696,1.07,1,348.35,33,2.2,28.4,77.9,83.25,Smooth
2024-01-02,Morning,M013,O010,Blend,939,932,6.37,10,446.44,31,12.6,30.1,42.9,99.25,Smooth
2024-03-05,Afternoon,M019,O048,Cotton,861,840,5.34,4,407.71,38,7.7,25.4,73.0,97.56,Smooth
2024-03-29,Night,M015,O007,Cotton,803,691,1.02,0,342.99,16,10.9,28.4,69.7,86.05,Operator Absent
2024-01-05,Afternoon,M012,O005,Cotton,925,666,2.21,3,292.87,10,14.2,30.5,72.2,72.0,Power Cut
2024-03-01,Morning,M001,O009,Polyester,1090,841,4.07,4,352.58,12,11.2,34.4,55.9,77.16,Power Cut
2024-01-05,Morning,M019,O025,Polyester,1005,809,3.75,6,289.33,20,0.8,27.8,70.9,80.5,Humidity Issue
2024-04-18,Night,M013,O023,Blend,895,687,0.44,10,382.19,20,3.5,31.7,69.5,76.76,Smooth
2024-02-25,Morning,M012,O035,Cotton,825,808,2.46,23,371.07,38,11.0,32.4,47.6,97.94,Smooth
2024-03-18,Morning,M005,O024,Blend,982,861,0.72,4,316.3,19,9.1,34.3,74.9,87.68,Power Cut
2024-04-12,Night,M020,O016,Blend,971,698,3.85,1,317.97,25,4.6,31.0,48.0,71.88,Low Quality Yarn
2024-04-20,Afternoon,M018,O014,Cotton,1160,1246,0.19,5,349.28,37,5.2,28.7,45.3,107.41,Smooth
2024-03-16,Afternoon,M010,O016,Polyester,1007,856,6.72,15,471.94,15,4.7,32.5,46.5,85.0,Humidity Issue
2024-01-17,Morning,M019,O005,Blend,1071,856,2.25,7,382.36,15,9.8,30.3,72.7,79.93,Humidity Issue
2024-04-08,Night,M013,O018,Blend,937,865,2.55,3,385.6,35,7.1,27.1,67.9,92.32,Smooth
2024-02-02,Morning,M019,O027,Cotton,1094,935,1.6,5,380.19,11,7.9,30.3,53.2,85.47,Breakdown
2024-03-31,Morning,M009,O015,Blend,888,802,0.24,3,360.94,22,4.6,33.9,51.9,90.32,Breakdown
2024-04-24,Morning,M002,O004,Cotton,881,751,8.36,34,247.36,32,6.7,26.5,62.1,85.24,Smooth
2024-02-29,Night,M014,O015,Cotton,1187,940,7.44,7,378.55,17,10.9,31.9,72.0,79.19,Low Quality Yarn
2024-03-21,Morning,M013,O013,Cotton,1153,966,1.73,0,247.46,31,3.2,28.0,74.4,83.78,Smooth
2024-01-08,Night,M010,O050,Cotton,897,720,2.26,6,275.01,15,3.0,30.0,68.7,80.27,Smooth
2024-03-11,Night,M014,O031,Blend,1154,1163,4.62,12,317.94,56,12.4,31.3,48.2,100.78,Breakdown
2024-02-24,Afternoon,M009,O032,Cotton,921,713,1.26,1,339.89,29,11.3,35.0,64.2,77.42,Smooth
2024-02-04,Night,M005,O012,Blend,958,933,0.18,3,293.43,35,12.0,32.7,52.3,97.39,Smooth
2024-02-13,Morning,M020,O011,Cotton,1114,795,9.33,4,348.99,32,3.7,27.1,50.8,71.36,Power Cut
2024-04-01,Afternoon,M002,O014,Polyester,854,680,9.92,2,387.67,10,14.6,30.4,77.9,79.63,Smooth
2024-01-12,Afternoon,M012,O041,Cotton,1197,1261,2.15,10,377.47,29,3.0,28.0,56.9,105.35,Smooth
2024-01-05,Night,M014,O005,Polyester,1176,1196,4.65,7,272.69,30,10.6,34.0,77.5,101.7,Power Cut
2024-04-27,Morning,M013,O050,Blend,1072,982,7.68,0,350.55,10,4.2,25.6,60.7,91.6,Smooth
2024-01-27,Afternoon,M006,O046,Blend,1133,799,2.65,7,387.68,28,6.5,30.4,77.2,70.52,Smooth
2024-01-10,Morning,M009,O033,Cotton,1014,1028,2.0,1,382.09,42,11.2,35.7,65.0,101.38,Smooth
2024-01-12,Night,M013,O033,Polyester,1127,1233,5.34,1,323.39,50,14.4,32.1,67.9,109.41,Low Quality Yarn
2024-04-17,Morning,M018,O008,Cotton,943,884,4.6,4,415.01,35,10.3,25.8,47.9,93.74,Power Cut
2024-02-13,Night,M018,O041,Blend,969,869,7.92,6,426.95,31,6.4,30.6,75.8,89.68,Smooth
2024-04-04,Morning,M002,O018,Blend,942,720,9.96,1,391.05,30,13.0,27.3,79.7,76.43,Breakdown
2024-03-26,Night,M003,O036,Blend,1046,855,7.1,1,405.31,21,9.1,29.1,60.2,81.74,Smooth
2024-03-31,Morning,M009,O004,Blend,865,828,9.73,0,403.65,24,1.6,30.7,62.4,95.72,Power Cut
2024-02-24,Afternoon,M019,O036,Polyester,873,727,1.55,18,387.63,30,10.5,30.1,40.2,83.28,Humidity Issue
2024-01-02,Night,M019,O035,Blend,1187,1034,1.97,24,322.54,31,4.3,27.5,48.4,87.11,Smooth
2024-04-12,Afternoon,M012,O031,Polyester,990,930,0.89,0,421.02,29,6.6,27.5,62.6,93.94,Low Quality Yarn
2024-04-06,Night,M013,O001,Blend,1070,905,9.36,0,386.06,38,3.2,31.0,51.8,84.58,Smooth
2024-04-14,Night,M001,O032,Cotton,1144,1128,0.84,16,398.82,15,10.9,32.8,67.2,98.6,Smooth
2024-03-07,Morning,M004,O007,Polyester,837,864,0.42,0,299.2,27,13.8,28.9,55.7,103.23,Operator Absent
2024-04-12,Afternoon,M014,O008,Cotton,891,924,0.0,1,300.01,43,2.3,36.6,48.5,103.7,Smooth
2024-01-19,Afternoon,M020,O014,Polyester,1038,738,4.34,3,363.99,25,8.2,33.0,43.7,71.1,Humidity Issue
2024-03-20,Night,M018,O040,Blend,825,724,10.0,18,339.02,7,4.9,29.0,44.3,87.76,Smooth
2024-04-26,Morning,M020,O043,Polyester,1109,986,6.77,20,286.81,19,5.3,32.9,50.8,88.91,Smooth
2024-01-31,Afternoon,M007,O012,Polyester,1023,925,4.4,7,298.53,18,2.9,34.7,54.0,90.42,Smooth
2024-03-19,Night,M001,O016,Polyester,1097,1093,7.57,10,373.93,35,7.5,25.7,62.0,99.64,Humidity Issue
2024-03-03,Afternoon,M014,O002,Cotton,1052,943,5.65,12,364.86,14,1.5,28.6,79.0,89.64,Breakdown
2024-03-15,Morning,M013,O039,Blend,869,940,0.6,5,346.82,40,14.3,25.9,65.4,108.17,Smooth
2024-02-04,Morning,M006,O018,Blend,1146,964,6.03,3,255.28,20,1.0,31.9,72.6,84.12,Humidity Issue
2024-02-09,Night,M003,O025,Blend,888,781,3.25,6,340.6,34,13.5,30.5,77.9,87.95,Smooth
2024-03-04,Afternoon,M008,O014,Polyester,1054,905,2.17,4,300.02,31,7.4,28.5,74.6,85.86,Low Quality Yarn
2024-04-16,Night,M001,O009,Polyester,854,608,6.44,14,372.3,23,14.0,30.9,53.3,71.19,Smooth
2024-01-13,Night,M004,O011,Blend,893,804,0.14,0,331.54,16,3.1,29.3,41.1,90.03,Low Quality Yarn
2024-04-23,Morning,M004,O016,Polyester,873,928,0.08,13,365.04,34,0.6,32.3,79.4,106.3,Smooth
2024-02-07,Morning,M010,O003,Blend,1051,1104,8.95,10,388.01,23,8.7,29.1,44.0,105.04,Smooth
2024-03-17,Morning,M020,O023,Cotton,1019,1089,1.41,2,426.57,37,3.9,31.0,40.0,106.87,Power Cut
2024-03-01,Morning,M019,O022,Blend,839,841,9.85,16,395.49,22,8.1,29.7,59.1,100.24,Breakdown
2024-01-02,Afternoon,M013,O040,Cotton,992,872,7.75,7,293.68,10,9.0,27.4,49.2,87.9,Smooth
2024-01-18,Morning,M018,O043,Polyester,922,700,6.54,11,351.17,32,14.1,35.0,72.3,75.92,Smooth
2024-03-18,Night,M007,O014,Blend,1178,1124,3.04,40,306.97,31,1.3,28.0,79.1,95.42,Smooth
2024-01-08,Afternoon,M003,O003,Cotton,835,781,5.57,10,324.26,26,10.9,30.0,56.7,93.53,Smooth
2024-01-21,Afternoon,M011,O003,Blend,1051,1054,2.27,2,329.9,46,12.5,26.8,55.3,100.29,Smooth
2024-03-31,Afternoon,M006,O034,Cotton,964,901,7.21,2,359.17,21,10.7,30.1,48.9,93.46,Smooth
2024-03-17,Afternoon,M020,O024,Blend,1176,946,5.12,3,323.86,10,10.7,27.8,59.7,80.44,Smooth
2024-04-01,Night,M005,O021,Blend,1053,776,1.72,1,310.07,31,0.8,30.7,50.0,73.69,Smooth
2024-01-24,Morning,M011,O019,Polyester,978,1033,7.19,0,348.56,45,9.2,34.0,67.3,105.62,Smooth
2024-04-03,Morning,M012,O003,Polyester,1173,1287,2.32,9,322.09,13,2.2,29.9,66.0,109.72,Low Quality Yarn
2024-01-09,Afternoon,M010,O033,Blend,1098,1017,5.53,0,390.0,26,9.6,29.8,71.2,92.62,Low Quality Yarn
2024-03-21,Afternoon,M002,O023,Cotton,1039,1053,5.19,19,394.58,20,4.6,29.3,42.1,101.35,Smooth
2024-01-07,Night,M002,O035,Polyester,939,956,4.17,2,365.57,41,8.5,29.4,64.6,101.81,Smooth
2024-04-20,Morning,M006,O049,Cotton,975,867,3.92,24,339.02,20,7.7,27.0,58.3,88.92,Smooth
2024-03-14,Morning,M003,O024,Cotton,1111,1008,1.4,7,314.94,12,11.6,28.3,57.1,90.73,Power Cut
2024-04-15,Morning,M009,O005,Cotton,973,924,7.28,11,233.08,23,9.8,28.2,59.8,94.96,Smooth
2024-01-08,Afternoon,M002,O022,Blend,949,986,8.75,1,367.13,21,0.8,27.1,75.5,103.9,Humidity Issue
2024-01-09,Morning,M014,O011,Cotton,954,754,9.29,12,314.07,14,8.1,31.9,46.9,79.04,Smooth
2024-02-05,Night,M002,O010,Cotton,973,799,3.21,1,380.67,13,0.9,28.1,65.2,82.12,Smooth
2024-01-23,Night,M010,O048,Blend,1167,1272,3.31,1,393.24,52,9.5,30.4,52.6,109.0,Smooth
2024-04-26,Morning,M012,O044,Polyester,904,828,0.91,11,440.52,34,3.3,31.2,50.5,91.59,Smooth
2024-01-23,Night,M001,O048,Blend,925,837,3.31,19,421.03,27,11.7,29.6,53.3,90.49,Operator Absent
2024-03-07,Afternoon,M008,O019,Blend,900,929,2.75,7,343.65,21,4.4,25.5,78.7,103.22,Smooth
2024-01-22,Night,M013,O045,Polyester,804,614,7.87,41,383.02,6,9.0,29.6,60.1,76.37,Smooth
2024-01-19,Morning,M013,O049,Polyester,850,891,0.84,11,407.47,42,12.4,33.7,41.7,104.82,Smooth
2024-03-13,Night,M011,O020,Cotton,880,781,3.98,3,241.65,21,14.7,27.3,43.5,88.75,Smooth
2024-02-27,Afternoon,M020,O020,Cotton,1147,1226,4.8,9,327.54,33,6.4,33.2,55.0,106.89,Low Quality Yarn
2024-03-18,Night,M010,O038,Cotton,1100,1177,8.29,1,341.38,16,9.5,27.2,45.7,107.0,Breakdown
2024-03-31,Night,M001,O004,Polyester,925,840,0.07,3,340.88,41,13.2,36.1,54.4,90.81,Smooth
2024-01-30,Afternoon,M014,O027,Blend,1145,822,8.46,24,339.87,41,4.2,30.5,69.0,71.79,Smooth
2024-01-27,Morning,M008,O046,Cotton,1068,1135,2.36,23,355.01,35,7.4,29.4,48.9,106.27,Smooth
2024-04-17,Afternoon,M006,O004,Cotton,1070,1050,1.91,8,325.29,20,7.6,25.6,74.9,98.13,Breakdown
2024-03-15,Afternoon,M007,O043,Blend,1081,1064,5.8,0,306.0,44,4.1,31.5,56.7,98.43,Operator Absent
2024-04-07,Morning,M019,O037,Polyester,1126,946,8.59,1,294.56,36,13.6,30.6,57.4,84.01,Smooth
2024-04-02,Afternoon,M005,O030,Polyester,800,716,9.27,7,484.03,26,2.0,28.7,72.8,89.5,Smooth
2024-03-05,Night,M009,O042,Blend,870,760,0.72,15,309.59,26,13.3,29.3,75.5,87.36,Smooth
2024-01-20,Afternoon,M004,O006,Blend,865,936,8.68,0,408.06,23,9.2,28.7,64.3,108.21,Breakdown
2024-04-20,Afternoon,M003,O002,Polyester,961,813,9.04,6,354.97,24,3.1,30.0,60.5,84.6,Power Cut
2024-03-14,Afternoon,M020,O005,Blend,1169,1198,7.77,15,299.36,53,13.5,32.6,47.8,102.48,Power Cut
2024-02-09,Night,M014,O031,Blend,911,685,9.76,20,454.88,21,1.2,31.8,69.8,75.19,Smooth
2024-04-06,Night,M010,O013,Cotton,1116,1006,6.48,6,285.16,21,2.8,29.9,47.8,90.14,Power Cut
2024-03-19,Night,M018,O032,Cotton,983,1070,1.53,3,436.51,17,12.0,34.3,71.4,108.85,Breakdown
2024-02-19,Night,M014,O050,Polyester,1007,800,2.89,27,377.06,10,6.6,32.7,62.4,79.44,Smooth
2024-02-21,Night,M010,O029,Cotton,846,655,4.48,9,404.97,28,5.2,28.0,73.5,77.42,Smooth
2024-03-30,Night,M017,O032,Blend,1174,870,8.38,1,361.45,25,13.7,28.0,54.5,74.11,Smooth
2024-02-29,Afternoon,M003,O021,Cotton,871,709,5.01,6,415.2,28,12.9,26.9,78.9,81.4,Humidity Issue
2024-02-10,Morning,M018,O031,Polyester,973,784,7.16,5,336.37,39,11.1,36.0,78.1,80.58,Low Quality Yarn
2024-01-15,Morning,M020,O042,Cotton,896,926,9.03,16,268.22,22,0.8,29.2,61.0,103.35,Smooth
2024-02-22,Afternoon,M001,O039,Polyester,924,833,5.25,36,295.19,20,12.1,24.3,61.0,90.15,Smooth
2024-04-02,Morning,M015,O026,Polyester,886,822,8.53,16,370.2,22,4.8,27.9,42.0,92.78,Smooth
2024-02-28,Afternoon,M006,O022,Polyester,849,759,3.55,2,401.79,15,1.2,32.2,74.0,89.4,Smooth
2024-01-19,Night,M012,O050,Blend,936,658,9.37,9,293.4,6,3.9,27.6,45.5,70.3,Smooth
2024-01-12,Night,M009,O017,Blend,1071,1011,1.67,7,267.52,11,1.0,32.2,41.1,94.4,Humidity Issue
2024-04-27,Night,M006,O014,Cotton,890,886,3.18,15,273.98,27,10.8,23.4,50.9,99.55,Power Cut
2024-02-18,Night,M005,O034,Cotton,1048,784,5.56,3,450.01,23,9.5,27.7,61.8,74.81,Smooth
2024-04-05,Night,M002,O039,Cotton,1138,1133,7.06,7,389.14,30,6.5,31.1,70.6,99.56,Breakdown
2024-04-29,Morning,M015,O001,Blend,1142,1065,0.71,22,356.42,28,5.3,28.2,43.6,93.26,Smooth
2024-03-24,Morning,M008,O012,Cotton,939,868,4.79,1,422.42,35,13.6,32.1,56.4,92.44,Power Cut
2024-03-04,Afternoon,M020,O033,Polyester,1182,1278,8.65,3,338.73,33,8.8,26.4,63.3,108.12,Smooth
2024-03-25,Morning,M014,O039,Cotton,859,858,5.1,1,328.56,41,2.2,32.4,78.3,99.88,Smooth
2024-03-10,Night,M002,O022,Polyester,1095,806,2.31,0,389.4,22,14.0,31.4,63.6,73.61,Smooth
2024-04-26,Morning,M017,O009,Cotton,1029,979,8.45,3,386.18,45,14.7,29.2,76.1,95.14,Smooth
2024-01-13,Afternoon,M010,O042,Blend,884,663,8.24,5,349.27,21,8.2,30.8,52.9,75.0,Smooth
2024-04-25,Night,M020,O023,Blend,1059,773,8.96,16,368.82,27,6.4,28.5,50.2,72.99,Smooth
2024-02-22,Night,M001,O004,Cotton,893,932,7.0,7,310.6,26,3.3,30.6,48.3,104.37,Smooth
2024-04-15,Night,M006,O003,Cotton,903,870,9.11,5,379.46,39,11.4,26.5,74.8,96.35,Operator Absent
2024-04-10,Afternoon,M010,O025,Polyester,936,856,7.52,1,291.74,26,14.0,25.2,75.0,91.45,Breakdown
2024-02-26,Afternoon,M012,O022,Polyester,1124,847,1.73,4,391.36,39,14.5,25.5,66.1,75.36,Power Cut
2024-03-06,Morning,M014,O018,Polyester,1194,1236,5.25,2,482.69,49,3.7,33.6,54.7,103.52,Smooth
2024-02-17,Morning,M009,O008,Blend,959,810,9.59,5,390.57,16,8.8,32.5,75.8,84.46,Smooth
2024-02-03,Morning,M016,O023,Blend,1063,946,9.45,2,372.16,40,12.7,30.5,62.8,88.99,Low Quality Yarn
2024-03-10,Afternoon,M004,O030,Blend,1046,892,9.35,5,234.72,29,7.3,35.0,41.9,85.28,Breakdown
2024-04-04,Afternoon,M003,O008,Cotton,913,961,4.44,8,390.85,13,13.7,26.9,48.6,105.26,Smooth
2024-02-16,Morning,M016,O045,Blend,953,745,1.82,0,372.4,25,3.2,31.0,51.4,78.17,Humidity Issue
2024-01-06,Afternoon,M012,O029,Cotton,913,812,9.54,2,328.3,17,7.1,35.0,42.8,88.94,Smooth
2024-01-24,Night,M012,O008,Polyester,856,872,2.43,12,360.72,36,14.5,29.5,59.1,101.87,Low Quality Yarn
2024-03-17,Morning,M006,O005,Polyester,1103,1093,3.71,2,288.56,53,1.9,29.4,63.6,99.09,Smooth
2024-03-03,Night,M019,O006,Polyester,1044,992,5.38,10,357.16,21,14.1,27.0,70.5,95.02,Smooth
2024-04-14,Morning,M014,O049,Blend,1183,1288,0.38,3,388.93,24,7.9,26.6,75.5,108.88,Smooth
2024-02-05,Afternoon,M008,O041,Blend,1184,1157,3.95,4,285.2,40,5.8,29.5,74.1,97.72,Breakdown
2024-03-11,Morning,M014,O007,Cotton,849,851,6.11,4,382.48,25,3.8,28.0,47.8,100.24,Smooth
2024-02-19,Night,M013,O034,Cotton,965,739,7.77,2,219.97,24,13.2,34.3,74.7,76.58,Smooth
2024-01-30,Morning,M010,O017,Cotton,954,839,0.15,5,406.94,30,2.7,36.3,65.9,87.95,Low Quality Yarn
2024-02-23,Night,M012,O046,Cotton,886,684,7.51,4,344.99,17,10.7,30.1,49.1,77.2,Smooth
2024-01-02,Afternoon,M016,O027,Blend,1057,1076,6.31,8,336.85,36,7.4,23.4,67.9,101.8,Smooth
2024-04-18,Morning,M014,O026,Cotton,1038,906,2.02,2,388.96,16,14.4,32.0,60.1,87.28,Smooth
2024-02-14,Afternoon,M017,O003,Cotton,1090,1162,7.07,12,407.45,27,12.4,28.1,45.2,106.61,Humidity Issue
2024-01-27,Morning,M016,O013,Blend,800,615,3.41,5,411.19,8,5.6,27.9,73.5,76.88,Smooth
2024-04-27,Afternoon,M003,O037,Cotton,1139,827,9.42,42,337.17,20,11.8,28.5,63.8,72.61,Operator Absent
2024-04-11,Morning,M004,O033,Blend,1030,986,7.58,1,375.97,32,13.4,32.5,68.0,95.73,Smooth
2024-03-10,Morning,M014,O035,Polyester,878,685,4.3,6,369.51,20,0.9,27.8,77.0,78.02,Smooth
2024-04-19,Night,M010,O016,Polyester,988,1028,5.24,2,334.16,20,7.8,27.4,78.7,104.05,Smooth
2024-01-09,Night,M013,O049,Cotton,1052,978,8.9,10,408.27,28,13.1,29.8,51.7,92.97,Breakdown
2024-01-29,Morning,M018,O019,Polyester,962,722,8.55,8,350.07,18,9.6,28.0,71.7,75.05,Smooth
2024-02-08,Afternoon,M013,O031,Polyester,1181,959,5.57,12,362.49,32,14.3,29.1,53.6,81.2,Breakdown
2024-03-10,Afternoon,M004,O011,Blend,945,702,5.07,0,358.09,17,1.5,34.9,64.9,74.29,Humidity Issue
2024-02-08,Morning,M011,O002,Polyester,1121,1047,2.81,24,326.35,33,2.0,24.5,77.3,93.4,Smooth
2024-04-20,Afternoon,M015,O036,Blend,1181,1003,0.81,4,367.07,37,1.3,37.5,51.4,84.93,Smooth
2024-03-23,Night,M006,O044,Polyester,800,822,0.8,19,413.64,13,1.5,25.3,48.6,102.75,Smooth
2024-03-11,Afternoon,M011,O012,Polyester,1058,794,3.12,7,417.64,28,9.3,31.2,56.5,75.05,Breakdown
2024-02-09,Night,M020,O035,Blend,1040,925,4.15,18,293.34,42,13.0,31.7,43.1,88.94,Smooth
2024-01-02,Morning,M004,O006,Cotton,879,652,4.95,9,397.56,22,5.2,27.0,41.0,74.18,Smooth
2024-02-10,Night,M014,O013,Blend,1177,1177,2.15,17,435.31,52,13.0,24.7,54.9,100.0,Smooth
2024-04-30,Morning,M018,O024,Blend,854,669,7.75,5,352.46,24,5.0,29.4,52.8,78.34,Humidity Issue
2024-03-14,Night,M004,O024,Blend,1023,855,6.8,0,313.99,11,13.2,32.1,74.4,83.58,Power Cut
2024-04-27,Afternoon,M017,O005,Polyester,1163,1001,7.02,8,327.89,30,7.5,32.5,54.2,86.07,Breakdown
2024-04-26,Morning,M003,O006,Polyester,836,883,1.66,1,442.0,15,6.2,32.7,77.9,105.62,Smooth
2024-04-12,Afternoon,M005,O013,Cotton,1173,936,6.68,13,385.32,36,7.1,29.7,62.8,79.8,Smooth
2024-01-19,Morning,M006,O047,Blend,964,941,5.92,21,281.5,17,1.0,27.1,41.7,97.61,Low Quality Yarn
2024-03-28,Morning,M013,O024,Blend,998,1045,6.78,10,402.71,30,13.1,31.0,54.4,104.71,Smooth
2024-02-28,Morning,M009,O007,Polyester,909,973,6.99,2,413.76,15,9.1,37.4,52.6,107.04,Humidity Issue
2024-02-10,Night,M016,O013,Polyester,1097,790,9.49,10,368.15,19,7.9,32.3,67.0,72.01,Smooth
2024-04-12,Morning,M004,O009,Cotton,1191,1291,2.54,20,361.18,61,6.3,31.7,78.1,108.4,Low Quality Yarn
2024-04-22,Night,M020,O006,Cotton,1160,1138,0.42,23,203.86,37,2.7,26.6,58.8,98.1,Smooth
2024-02-16,Night,M014,O042,Blend,1186,1224,0.15,3,392.41,58,9.3,31.9,50.2,103.2,Smooth
2024-02-05,Morning,M003,O023,Polyester,958,1024,7.75,8,373.64,39,5.8,30.7,68.5,106.89,Low Quality Yarn
2024-01-23,Afternoon,M020,O023,Polyester,1156,827,3.86,5,368.57,34,14.8,27.4,53.9,71.54,Low Quality Yarn
2024-01-30,Afternoon,M003,O007,Polyester,1166,1095,9.37,1,398.09,14,13.0,32.5,72.5,93.91,Smooth
2024-01-26,Night,M009,O002,Polyester,853,608,0.91,0,355.9,19,4.4,23.7,76.5,71.28,Smooth
2024-02-03,Afternoon,M006,O046,Polyester,1076,911,0.46,3,228.68,19,2.4,32.5,72.8,84.67,Smooth
2024-01-10,Afternoon,M007,O049,Blend,999,1097,3.3,4,423.61,28,13.6,32.4,62.4,109.81,Smooth
2024-01-15,Night,M014,O013,Polyester,1049,923,6.47,30,332.04,20,10.7,23.9,73.1,87.99,Smooth
2024-04-01,Night,M016,O048,Blend,849,842,9.89,3,366.71,20,11.1,31.4,44.2,99.18,Smooth
2024-01-25,Morning,M015,O036,Blend,976,991,5.32,3,412.56,18,0.9,34.1,57.3,101.54,Smooth
2024-03-23,Afternoon,M015,O041,Polyester,1103,1023,8.77,26,431.43,28,11.3,30.6,48.2,92.75,Breakdown
2024-03-30,Night,M005,O049,Polyester,1166,989,6.34,0,388.8,25,7.0,31.5,74.1,84.82,Operator Absent
2024-03-07,Afternoon,M010,O037,Blend,1000,1010,2.88,3,382.79,16,5.0,35.6,76.0,101.0,Breakdown
2024-03-31,Afternoon,M003,O014,Polyester,1043,1017,9.86,14,331.79,24,13.0,36.1,74.2,97.51,Smooth
2024-04-25,Night,M014,O039,Cotton,994,704,6.1,4,409.6,15,14.2,29.1,47.2,70.82,Smooth
2024-01-14,Night,M020,O012,Cotton,933,900,6.72,2,396.88,36,5.3,28.5,61.4,96.46,Smooth
2024-01-30,Morning,M011,O017,Cotton,922,668,2.09,6,359.61,25,14.1,30.3,62.2,72.45,Smooth
2024-02-24,Afternoon,M012,O028,Blend,1082,1017,9.77,10,438.18,50,1.8,32.6,66.7,93.99,Humidity Issue
2024-04-29,Morning,M020,O029,Cotton,909,739,6.4,9,329.93,25,2.4,28.6,50.6,81.3,Smooth
2024-04-30,Morning,M012,O048,Cotton,1018,1052,3.27,6,425.47,42,13.6,25.3,76.6,103.34,Smooth
2024-03-07,Morning,M012,O030,Blend,882,891,2.28,0,299.41,34,10.1,29.0,41.8,101.02,Smooth
2024-01-31,Morning,M014,O008,Cotton,1083,1120,2.49,5,311.07,30,1.5,35.6,56.1,103.42,Smooth
2024-01-03,Afternoon,M016,O034,Polyester,1125,1131,9.15,5,435.59,53,4.4,28.1,57.6,100.53,Smooth
2024-01-13,Afternoon,M013,O043,Cotton,1014,1032,6.1,1,292.12,31,8.2,31.4,75.0,101.78,Operator Absent
2024-01-06,Morning,M019,O046,Cotton,957,846,2.79,2,346.14,22,3.2,30.3,70.9,88.4,Operator Absent
2024-02-21,Afternoon,M001,O016,Cotton,985,876,3.51,4,358.79,33,13.5,33.5,76.1,88.93,Smooth
2024-03-24,Afternoon,M008,O008,Blend,924,768,9.52,0,391.34,16,4.5,29.2,52.1,83.12,Operator Absent
2024-03-11,Night,M006,O004,Cotton,806,761,4.38,12,365.48,13,14.0,32.1,50.6,94.42,Smooth
2024-04-03,Afternoon,M012,O010,Blend,1030,782,0.9,8,296.62,26,12.3,27.1,70.5,75.92,Low Quality Yarn
2024-02-21,Afternoon,M020,O044,Polyester,946,761,2.45,33,313.11,29,9.0,24.1,52.7,80.44,Smooth
2024-03-26,Afternoon,M013,O025,Cotton,919,846,7.31,0,348.82,12,10.1,29.2,48.6,92.06,Smooth
2024-01-10,Morning,M004,O028,Cotton,911,795,1.98,7,371.87,10,2.1,27.7,60.4,87.27,Power Cut
2024-02-19,Morning,M014,O026,Blend,906,802,9.52,28,374.7,22,5.7,34.1,77.9,88.52,Smooth
2024-02-01,Night,M011,O036,Polyester,1183,1113,5.79,2,321.41,16,12.6,24.4,41.1,94.08,Smooth
2024-03-03,Morning,M011,O035,Cotton,1034,1068,1.4,21,312.47,34,5.0,31.5,47.1,103.29,Smooth
2024-03-16,Afternoon,M016,O014,Cotton,916,956,4.04,5,330.08,42,5.8,26.6,78.1,104.37,Smooth
2024-03-07,Afternoon,M008,O035,Blend,1124,1212,1.45,1,335.02,12,4.5,33.0,63.9,107.83,Breakdown
2024-04-25,Morning,M011,O030,Polyester,1152,1174,1.33,1,356.83,39,11.7,30.7,57.2,101.91,Operator Absent
2024-04-21,Morning,M010,O007,Blend,953,956,3.72,2,321.86,47,5.6,34.8,76.9,100.31,Smooth
2024-03-22,Morning,M017,O029,Blend,1140,1223,2.42,16,390.42,34,11.3,29.6,58.7,107.28,Low Quality Yarn
2024-01-24,Night,M003,O026,Blend,1155,913,1.99,5,379.3,34,4.6,34.3,59.3,79.05,Smooth
2024-01-25,Morning,M014,O006,Cotton,993,712,8.18,45,343.51,11,10.0,29.9,64.5,71.7,Operator Absent
2024-04-23,Night,M005,O033,Blend,1148,1165,2.54,14,294.26,37,2.6,33.5,58.1,101.48,Smooth
2024-02-01,Afternoon,M014,O018,Polyester,1096,1153,4.21,18,286.13,38,7.8,31.1,55.9,105.2,Smooth
2024-01-09,Afternoon,M006,O038,Polyester,960,717,4.17,0,340.86,15,13.9,27.4,55.0,74.69,Low Quality Yarn
2024-01-03,Morning,M020,O023,Polyester,870,872,5.3,12,413.57,21,2.0,30.3,66.9,100.23,Smooth
2024-03-29,Night,M006,O033,Polyester,1018,715,4.75,2,358.6,20,12.4,30.1,60.3,70.24,Power Cut
2024-03-29,Morning,M002,O030,Cotton,936,840,9.3,22,315.47,26,3.7,32.9,57.8,89.74,Operator Absent
2024-04-28,Night,M017,O040,Polyester,819,731,8.32,22,335.86,32,3.0,29.8,64.9,89.26,Smooth
2024-04-16,Night,M009,O026,Polyester,1002,711,4.0,42,341.46,15,13.6,27.3,74.8,70.96,Smooth
2024-03-16,Afternoon,M020,O035,Blend,812,645,0.81,9,412.53,7,2.4,26.4,67.5,79.43,Smooth
2024-04-15,Afternoon,M007,O014,Blend,1200,941,8.58,0,437.56,16,9.3,28.3,69.0,78.42,Humidity Issue
2024-03-25,Morning,M003,O030,Blend,1014,837,8.29,9,404.32,27,2.9,23.7,56.1,82.54,Smooth
2024-03-05,Night,M009,O046,Cotton,889,744,4.01,14,385.51,16,6.5,29.9,71.5,83.69,Low Quality Yarn
2024-02-26,Morning,M005,O018,Cotton,1078,990,5.47,0,274.01,49,5.0,28.0,75.4,91.84,Smooth
2024-03-26,Morning,M006,O040,Polyester,1056,1024,3.41,7,327.15,23,1.1,27.1,63.9,96.97,Smooth
2024-03-01,Afternoon,M017,O001,Blend,839,874,3.82,13,279.15,13,10.8,34.4,74.2,104.17,Smooth
2024-02-03,Night,M012,O001,Blend,858,835,0.18,2,355.96,33,2.1,27.8,73.5,97.32,Operator Absent
2024-03-08,Night,M005,O030,Blend,877,808,6.9,35,336.2,35,13.6,27.1,60.3,92.13,Operator Absent
2024-01-04,Morning,M014,O042,Blend,1200,1125,7.08,17,359.33,32,7.0,29.3,57.0,93.75,Operator Absent
2024-04-07,Morning,M012,O035,Cotton,887,801,9.45,7,391.66,29,9.3,31.8,62.6,90.3,Smooth
2024-03-10,Afternoon,M020,O046,Cotton,885,924,8.22,1,336.23,18,13.1,33.4,57.3,104.41,Low Quality Yarn
2024-01-29,Morning,M013,O012,Polyester,926,947,2.63,0,302.71,38,4.5,30.0,57.7,102.27,Smooth
2024-01-14,Afternoon,M007,O044,Cotton,1126,827,2.87,15,370.56,38,10.4,27.1,72.4,73.45,Smooth
2024-03-11,Afternoon,M020,O019,Polyester,1174,872,2.51,22,394.48,31,6.5,34.1,41.8,74.28,Smooth
2024-01-06,Night,M004,O017,Cotton,842,853,6.79,6,335.5,18,13.2,32.1,71.9,101.31,Operator Absent
2024-03-26,Afternoon,M002,O049,Polyester,1187,1075,1.31,2,292.33,46,14.3,34.7,72.2,90.56,Smooth
2024-02-22,Afternoon,M006,O018,Cotton,1103,938,7.89,4,390.33,18,3.5,29.3,78.8,85.04,Humidity Issue
2024-03-18,Night,M003,O012,Blend,1180,837,7.86,3,358.01,17,1.4,26.7,42.0,70.93,Smooth
2024-02-11,Afternoon,M002,O049,Cotton,1115,832,0.71,14,243.05,22,14.0,29.4,76.4,74.62,Smooth
2024-01-19,Night,M018,O013,Cotton,1044,1029,8.85,3,422.87,35,7.5,25.4,56.0,98.56,Breakdown
2024-04-27,Night,M015,O044,Cotton,1171,1281,8.21,5,303.05,17,5.6,32.8,56.1,109.39,Operator Absent
2024-01-22,Night,M012,O009,Cotton,1119,790,8.15,4,312.9,13,13.4,30.4,64.3,70.6,Humidity Issue
2024-04-26,Morning,M013,O029,Cotton,1088,1175,9.99,4,388.61,58,9.6,28.7,71.8,108.0,Breakdown
2024-03-23,Morning,M007,O027,Polyester,1004,1016,3.55,8,375.45,11,5.4,32.7,45.8,101.2,Breakdown
2024-04-20,Morning,M017,O018,Blend,1092,866,9.05,0,314.93,30,8.2,26.9,48.7,79.3,Power Cut
2024-04-27,Night,M005,O011,Blend,1068,817,2.37,6,315.22,32,5.3,29.8,66.1,76.5,Smooth
2024-02-18,Afternoon,M014,O002,Polyester,1147,931,5.71,14,343.13,21,7.2,30.7,77.1,81.17,Humidity Issue
2024-02-07,Night,M003,O043,Polyester,984,1043,0.9,1,301.04,24,2.7,30.0,65.4,106.0,Operator Absent
2024-02-03,Afternoon,M004,O017,Blend,994,1073,9.97,4,402.92,15,10.5,30.9,56.4,107.95,Power Cut
2024-04-08,Afternoon,M013,O049,Polyester,1117,874,4.03,0,296.7,19,2.3,32.5,74.6,78.25,Smooth
2024-01-20,Night,M003,O023,Cotton,1078,967,5.72,8,285.91,38,2.3,28.9,44.2,89.7,Power Cut
2024-03-02,Morning,M016,O007,Cotton,1064,1047,2.09,3,217.29,40,9.5,26.1,65.8,98.4,Humidity Issue
2024-03-08,Morning,M013,O038,Polyester,863,850,2.93,3,259.45,41,12.3,28.3,46.6,98.49,Smooth
2024-04-05,Night,M009,O049,Blend,1018,714,0.43,2,354.36,31,11.2,27.0,48.6,70.14,Power Cut
2024-03-01,Morning,M006,O014,Cotton,1127,968,5.08,16,447.06,14,8.7,30.3,49.9,85.89,Smooth
2024-01-31,Morning,M012,O033,Polyester,1157,1009,6.34,2,335.87,19,14.8,28.7,52.2,87.21,Low Quality Yarn
2024-01-01,Afternoon,M001,O037,Blend,1095,822,5.46,19,291.0,26,10.9,33.1,69.1,75.07,Smooth
2024-01-05,Morning,M018,O030,Cotton,910,879,8.71,20,267.17,31,12.4,35.6,40.2,96.59,Smooth
2024-01-15,Morning,M012,O007,Cotton,868,952,1.83,6,333.43,27,2.4,31.3,55.8,109.68,Smooth
2024-02-17,Night,M019,O021,Blend,1039,800,3.64,4,367.0,9,0.9,28.3,44.2,77.0,Humidity Issue
2024-04-19,Morning,M015,O041,Cotton,1199,1302,9.41,2,325.71,39,8.8,28.1,48.9,108.59,Smooth
2024-01-04,Afternoon,M001,O009,Blend,1142,1145,3.1,25,310.83,47,12.4,35.8,51.6,100.26,Smooth
2024-01-17,Night,M012,O016,Cotton,1110,927,9.36,1,347.12,38,11.7,28.3,76.8,83.51,Operator Absent
2024-03-16,Afternoon,M009,O035,Polyester,1190,1086,1.0,8,340.09,18,0.7,30.4,63.7,91.26,Smooth
2024-02-19,Night,M016,O006,Cotton,868,915,6.71,40,321.43,44,4.7,32.9,75.6,105.41,Smooth
2024-03-24,Morning,M009,O019,Polyester,952,1001,7.58,8,354.36,24,12.0,26.9,70.3,105.15,Smooth
2024-04-20,Afternoon,M005,O049,Blend,1101,1171,0.15,16,352.28,41,14.8,29.5,55.9,106.36,Smooth
2024-02-16,Night,M008,O024,Polyester,1129,940,6.24,17,445.46,41,7.6,26.9,48.7,83.26,Smooth
2024-01-17,Afternoon,M019,O031,Blend,900,691,0.0,12,335.33,15,8.6,28.7,55.9,76.78,Operator Absent
2024-04-01,Morning,M002,O022,Cotton,1167,1131,0.56,1,244.14,24,1.5,30.0,75.8,96.92,Low Quality Yarn
2024-01-11,Morning,M013,O022,Blend,1014,990,1.22,0,434.33,39,11.8,27.9,59.1,97.63,Smooth
2024-03-19,Night,M004,O046,Blend,925,806,0.11,26,285.65,37,13.8,31.3,79.6,87.14,Smooth
2024-01-17,Morning,M016,O028,Polyester,1143,1199,9.98,2,366.89,23,1.9,31.1,79.2,104.9,Smooth
2024-02-04,Morning,M018,O005,Polyester,1113,910,8.71,0,348.57,17,10.5,28.8,62.6,81.76,Smooth
2024-04-19,Afternoon,M007,O014,Blend,993,725,1.63,4,376.6,19,1.9,28.3,59.4,73.01,Smooth
2024-02-06,Morning,M017,O041,Blend,931,685,1.29,2,324.68,14,8.5,33.0,68.9,73.58,Humidity Issue
2024-02-15,Morning,M017,O037,Polyester,1141,1252,1.32,0,394.15,54,10.3,31.5,78.2,109.73,Breakdown
2024-03-01,Night,M009,O034,Blend,1135,1026,9.14,34,326.78,18,8.4,32.5,58.1,90.4,Smooth
2024-01-11,Night,M017,O049,Polyester,856,899,1.0,2,331.53,20,6.1,30.7,64.9,105.02,Smooth
2024-01-22,Afternoon,M008,O012,Cotton,854,651,8.61,5,346.75,13,2.6,32.5,40.1,76.23,Smooth
2024-04-10,Night,M002,O028,Polyester,940,858,1.07,4,270.72,14,11.7,31.9,77.9,91.28,Smooth
2024-02-04,Morning,M012,O002,Blend,921,681,1.56,32,368.94,15,10.0,29.5,43.2,73.94,Smooth
2024-04-21,Night,M007,O042,Cotton,931,741,7.74,7,343.81,33,7.0,32.2,79.2,79.59,Smooth
2024-04-27,Night,M003,O009,Cotton,1175,1273,3.29,21,329.73,44,1.6,31.5,73.5,108.34,Smooth
2024-03-01,Afternoon,M015,O039,Cotton,1164,896,0.71,5,405.27,43,6.9,30.7,42.4,76.98,Operator Absent
2024-01-27,Night,M008,O002,Blend,1146,1145,5.65,5,351.23,26,11.5,24.1,61.8,99.91,Power Cut
2024-01-28,Night,M002,O049,Cotton,960,1008,5.44,2,359.39,18,9.5,33.5,54.3,105.0,Humidity Issue
2024-03-07,Afternoon,M008,O039,Polyester,1118,1160,4.53,12,339.44,57,12.2,27.5,46.4,103.76,Breakdown
2024-04-20,Morning,M009,O004,Cotton,972,788,3.3,10,390.23,23,12.3,32.5,57.5,81.07,Smooth
2024-02-11,Morning,M006,O035,Cotton,1130,846,5.64,30,368.34,30,14.0,34.1,57.1,74.87,Smooth
2024-01-16,Night,M012,O043,Polyester,978,814,9.77,19,329.77,21,2.7,24.1,78.3,83.23,Breakdown
2024-02-01,Night,M004,O042,Cotton,1137,979,8.75,2,329.11,39,8.9,30.1,65.0,86.1,Low Quality Yarn
2024-03-06,Morning,M015,O026,Polyester,825,594,2.11,0,393.46,19,9.4,25.7,62.0,72.0,Smooth
2024-01-08,Afternoon,M006,O044,Cotton,1041,842,2.45,1,367.53,14,3.1,33.2,74.9,80.88,Low Quality Yarn
2024-02-12,Night,M016,O013,Blend,1150,1146,6.59,5,317.83,50,11.5,32.9,51.9,99.65,Humidity Issue
2024-03-08,Morning,M020,O012,Cotton,957,833,1.86,1,302.1,35,14.9,32.8,43.1,87.04,Smooth
2024-03-13,Morning,M009,O001,Polyester,836,743,8.02,15,314.18,20,9.1,33.7,79.0,88.88,Humidity Issue
2024-02-17,Morning,M016,O024,Cotton,1072,890,9.23,3,464.01,18,4.5,27.8,44.5,83.02,Humidity Issue
2024-01-29,Afternoon,M015,O010,Blend,838,624,3.48,14,307.49,27,9.2,30.7,78.4,74.46,Smooth
2024-03-14,Morning,M001,O025,Blend,879,850,1.75,6,340.02,9,2.4,30.2,50.1,96.7,Low Quality Yarn
2024-01-23,Night,M004,O050,Polyester,924,805,4.87,1,396.64,17,0.7,35.0,43.1,87.12,Power Cut
2024-03-01,Night,M002,O017,Cotton,1109,950,1.54,4,389.39,18,5.5,36.4,64.6,85.66,Humidity Issue
2024-04-04,Morning,M012,O020,Blend,983,1026,7.53,8,281.68,46,1.1,25.8,79.5,104.37,Operator Absent
2024-01-11,Night,M018,O035,Polyester,1019,984,6.81,0,332.25,14,4.5,37.4,75.6,96.57,Smooth
2024-02-23,Afternoon,M012,O028,Polyester,864,794,4.13,0,399.96,27,7.9,33.2,57.4,91.9,Low Quality Yarn
2024-04-04,Morning,M014,O046,Cotton,1054,987,2.33,28,265.4,27,12.2,32.4,46.5,93.64,Smooth
2024-02-02,Night,M001,O022,Cotton,887,724,6.8,3,330.94,29,1.5,30.9,40.5,81.62,Breakdown
2024-01-20,Morning,M019,O008,Polyester,895,948,5.81,4,379.39,28,14.9,26.0,79.3,105.92,Humidity Issue
2024-03-05,Afternoon,M002,O012,Cotton,1057,1008,4.43,6,316.98,23,1.6,30.9,42.9,95.36,Smooth
2024-02-05,Morning,M003,O036,Cotton,1049,816,4.85,15,245.16,10,8.5,29.4,50.9,77.79,Humidity Issue
2024-04-22,Afternoon,M010,O036,Blend,962,910,9.77,1,343.11,44,11.7,25.6,75.9,94.59,Smooth
2024-01-01,Morning,M014,O014,Polyester,945,787,9.92,1,341.92,38,10.2,29.3,71.1,83.28,Smooth
2024-04-05,Night,M016,O031,Cotton,1112,1123,5.35,15,266.96,36,8.2,32.6,72.9,100.99,Smooth
2024-01-15,Night,M002,O019,Polyester,917,1001,4.11,14,359.36,24,1.1,29.2,54.5,109.16,Low Quality Yarn
2024-01-01,Night,M004,O005,Cotton,1009,952,1.19,25,299.87,24,11.2,33.7,64.1,94.35,Humidity Issue
2024-02-18,Night,M002,O011,Blend,899,870,3.89,6,266.6,35,11.6,28.0,51.7,96.77,Smooth
2024-04-30,Afternoon,M005,O025,Polyester,965,706,0.11,5,358.18,20,4.2,29.9,75.6,73.16,Smooth
2024-04-29,Morning,M007,O009,Cotton,858,769,5.99,1,378.14,25,5.5,29.6,65.0,89.63,Low Quality Yarn
2024-02-01,Night,M007,O027,Blend,945,1005,2.74,7,388.73,37,5.6,34.5,52.6,106.35,Low Quality Yarn
2024-02-21,Morning,M008,O010,Blend,1151,1120,2.16,5,346.74,54,2.5,31.3,63.5,97.31,Smooth
2024-01-21,Afternoon,M001,O007,Cotton,1005,784,7.9,15,372.73,38,13.3,26.3,78.3,78.01,Humidity Issue
2024-02-10,Afternoon,M014,O022,Polyester,1178,986,1.06,2,423.05,15,10.1,30.0,52.9,83.7,Smooth
2024-03-21,Night,M011,O040,Polyester,1173,981,6.62,6,329.9,40,1.4,31.1,47.8,83.63,Operator Absent
2024-01-31,Night,M004,O005,Cotton,805,774,8.55,2,371.42,14,12.3,24.0,70.9,96.15,Low Quality Yarn
2024-01-04,Afternoon,M015,O024,Cotton,967,733,4.64,14,408.95,8,9.3,25.7,46.1,75.8,Smooth
2024-01-07,Afternoon,M017,O001,Cotton,996,1028,3.55,3,267.84,21,13.7,26.1,70.0,103.21,Smooth
2024-02-23,Afternoon,M017,O036,Cotton,906,657,7.15,7,335.2,21,7.8,31.9,59.6,72.52,Smooth
2024-01-02,Night,M008,O019,Blend,1062,937,2.06,14,378.3,19,10.4,29.8,77.6,88.23,Smooth
2024-01-01,Morning,M018,O009,Blend,980,946,8.71,17,410.12,15,8.3,25.0,49.2,96.53,Smooth
2024-01-31,Morning,M001,O027,Blend,1017,1014,5.28,5,336.58,49,2.6,31.1,44.0,99.71,Smooth
2024-03-07,Night,M005,O027,Blend,969,721,5.73,15,358.47,19,2.7,29.9,58.6,74.41,Operator Absent
2024-03-12,Afternoon,M009,O020,Polyester,1055,1025,8.32,6,272.94,36,14.8,31.9,42.0,97.16,Humidity Issue
2024-01-22,Afternoon,M006,O012,Polyester,1011,1066,5.62,2,348.88,24,3.1,31.8,49.8,105.44,Humidity Issue
2024-01-18,Night,M005,O036,Cotton,942,973,6.14,24,327.71,9,7.9,29.1,79.9,103.29,Smooth
2024-04-05,Afternoon,M007,O022,Blend,1160,1134,3.08,20,321.35,18,3.8,32.7,58.7,97.76,Smooth
2024-01-01,Afternoon,M002,O034,Polyester,811,705,2.89,1,313.89,13,3.7,32.9,45.5,86.93,Smooth
2024-01-15,Morning,M003,O001,Cotton,1043,960,6.05,12,291.6,22,10.4,33.0,54.0,92.04,Operator Absent
2024-03-25,Afternoon,M007,O035,Cotton,812,637,3.74,3,329.99,8,11.2,31.5,48.5,78.45,Smooth
2024-04-19,Night,M004,O012,Polyester,1148,984,0.64,2,379.59,17,5.4,31.7,45.4,85.71,Smooth
2024-01-21,Morning,M001,O035,Polyester,896,653,9.92,10,427.81,28,12.2,30.7,40.7,72.88,Smooth
2024-04-18,Night,M011,O011,Blend,889,688,6.55,4,329.83,34,2.8,32.5,60.7,77.39,Breakdown
2024-01-23,Morning,M009,O004,Polyester,1146,1165,4.33,6,348.08,39,1.3,30.8,73.7,101.66,Smooth
2024-03-22,Morning,M014,O001,Blend,895,858,4.04,0,341.07,8,9.4,30.1,47.6,95.87,Smooth
2024-02-03,Morning,M017,O035,Cotton,1026,796,6.53,0,307.63,26,10.1,28.6,68.8,77.58,Smooth
2024-01-31,Night,M013,O008,Cotton,849,680,0.89,0,381.37,12,4.2,29.7,44.0,80.09,Smooth
2024-04-15,Night,M016,O029,Polyester,1066,1004,6.8,10,347.86,15,4.7,33.4,66.5,94.18,Low Quality Yarn
2024-03-29,Night,M001,O004,Cotton,1192,1126,5.31,11,393.11,37,11.8,30.9,49.9,94.46,Humidity Issue
2024-03-20,Afternoon,M002,O048,Cotton,901,875,9.02,4,386.2,10,8.9,32.7,45.2,97.11,Smooth
2024-03-23,Afternoon,M013,O010,Blend,1058,1149,8.11,1,362.09,27,1.0,27.1,61.7,108.6,Smooth
2024-01-06,Afternoon,M011,O022,Polyester,859,734,1.01,16,358.2,31,3.6,30.8,50.5,85.45,Smooth
2024-03-31,Morning,M016,O045,Polyester,835,654,7.65,29,381.42,23,6.1,31.1,57.0,78.32,Smooth
2024-02-27,Night,M012,O013,Polyester,1112,811,0.31,11,437.34,26,4.5,23.8,59.0,72.93,Smooth
2024-01-02,Afternoon,M013,O041,Cotton,846,751,3.88,17,459.8,34,13.1,26.9,75.6,88.77,Operator Absent
2024-01-24,Night,M007,O030,Cotton,827,668,0.35,3,373.58,24,1.7,29.2,45.4,80.77,Low Quality Yarn
2024-02-18,Morning,M015,O018,Polyester,993,756,6.3,13,318.38,14,5.7,27.0,76.6,76.13,Smooth
2024-02-21,Night,M004,O038,Polyester,911,847,7.38,6,438.77,15,11.0,30.9,72.4,92.97,Power Cut
2024-04-29,Morning,M005,O030,Cotton,957,827,7.46,5,405.63,41,5.5,32.3,56.4,86.42,Smooth
2024-03-11,Afternoon,M007,O042,Cotton,1166,893,2.04,11,340.5,15,4.6,32.3,58.2,76.59,Low Quality Yarn
2024-03-13,Afternoon,M011,O025,Polyester,1089,888,2.34,13,350.89,37,4.4,29.3,64.1,81.54,Smooth
2024-02-08,Afternoon,M013,O006,Blend,1152,1114,6.55,5,400.07,44,5.2,28.6,44.1,96.7,Breakdown
2024-04-27,Morning,M005,O028,Polyester,985,717,0.94,8,342.59,28,4.8,28.8,70.5,72.79,Humidity Issue
2024-03-03,Afternoon,M016,O022,Blend,852,850,2.46,13,319.82,15,8.1,34.4,76.9,99.77,Breakdown
2024-04-01,Afternoon,M002,O042,Polyester,1198,1145,1.73,11,444.34,45,8.0,25.5,72.6,95.58,Operator Absent
2024-01-23,Night,M008,O021,Polyester,863,853,6.15,1,348.17,17,11.4,26.6,68.9,98.84,Smooth
2024-03-26,Night,M004,O049,Polyester,802,606,8.77,1,339.78,14,2.8,34.2,46.7,75.56,Smooth
2024-04-07,Morning,M016,O012,Cotton,1019,983,5.5,1,393.37,12,8.6,33.0,43.4,96.47,Low Quality Yarn
2024-04-08,Afternoon,M003,O016,Polyester,1153,1223,9.07,11,363.09,27,3.7,33.7,53.1,106.07,Power Cut
2024-03-22,Morning,M014,O012,Polyester,1183,1125,1.73,2,271.79,37,13.9,29.4,69.9,95.1,Smooth
2024-01-21,Morning,M006,O040,Cotton,1193,1153,5.83,6,332.73,46,3.0,29.4,54.9,96.65,Breakdown
2024-01-02,Morning,M019,O032,Cotton,937,666,1.37,1,357.91,28,5.9,28.6,75.0,71.08,Smooth
2024-01-23,Morning,M019,O042,Blend,996,782,3.25,1,288.37,27,11.5,35.6,61.8,78.51,Smooth
2024-03-05,Morning,M005,O026,Blend,995,946,9.35,3,418.04,32,3.1,27.4,55.0,95.08,Smooth
2024-02-09,Afternoon,M016,O039,Blend,1015,900,4.19,1,352.41,26,10.4,30.2,75.9,88.67,Smooth
2024-04-03,Afternoon,M006,O033,Cotton,1185,894,2.5,7,348.44,21,4.7,31.0,47.0,75.44,Smooth
2024-01-23,Afternoon,M003,O038,Polyester,807,820,9.55,5,451.84,22,8.6,29.3,42.3,101.61,Smooth
2024-04-07,Night,M014,O041,Polyester,1014,992,0.53,16,323.38,22,7.5,32.0,63.9,97.83,Smooth
2024-03-23,Morning,M004,O047,Cotton,980,798,5.92,3,356.24,38,6.7,29.5,60.5,81.43,Smooth
2024-01-22,Afternoon,M019,O044,Polyester,877,665,5.51,1,382.32,11,11.6,30.5,40.9,75.83,Breakdown
2024-02-14,Night,M007,O028,Cotton,1186,1008,1.11,4,328.41,26,4.9,26.7,66.3,84.99,Operator Absent
2024-04-08,Afternoon,M014,O015,Blend,991,1057,4.01,2,384.62,34,7.1,28.7,46.0,106.66,Smooth
2024-02-15,Morning,M008,O045,Polyester,1034,909,2.78,28,272.93,24,13.2,30.3,61.1,87.91,Breakdown
2024-03-19,Night,M009,O034,Polyester,1067,889,2.08,16,321.05,16,5.3,36.8,78.4,83.32,Smooth
2024-04-22,Morning,M006,O014,Blend,886,804,4.01,7,316.96,13,9.0,33.5,66.6,90.74,Power Cut
2024-02-03,Afternoon,M006,O027,Cotton,1163,1145,8.82,4,449.99,41,8.4,26.8,48.2,98.45,Low Quality Yarn
2024-04-01,Afternoon,M007,O019,Cotton,831,832,8.04,8,299.21,11,5.4,29.9,52.4,100.12,Low Quality Yarn
2024-03-04,Morning,M019,O050,Polyester,1043,1127,7.84,10,286.36,55,5.9,30.2,44.3,108.05,Smooth
2024-01-20,Night,M016,O014,Blend,860,771,8.74,21,422.74,32,11.9,35.6,75.6,89.65,Operator Absent
2024-03-20,Night,M017,O040,Polyester,1130,1040,9.68,55,227.84,35,1.3,30.0,60.3,92.04,Power Cut
2024-03-28,Morning,M005,O047,Cotton,1024,1073,2.13,5,344.54,26,6.9,32.0,60.8,104.79,Operator Absent
2024-03-28,Morning,M016,O022,Cotton,822,783,8.01,6,357.07,18,10.0,34.0,68.7,95.26,Smooth
2024-01-24,Afternoon,M017,O035,Cotton,928,856,0.57,1,300.07,31,0.8,27.0,70.2,92.24,Smooth
2024-04-11,Afternoon,M005,O033,Polyester,1177,948,3.1,7,367.05,12,6.9,29.2,74.0,80.54,Smooth
2024-02-05,Morning,M001,O047,Blend,823,778,2.92,5,334.84,38,0.6,32.3,41.1,94.53,Smooth
2024-02-27,Afternoon,M001,O039,Cotton,876,901,1.99,0,328.95,35,9.6,25.5,49.5,102.85,Power Cut
2024-04-17,Afternoon,M009,O047,Cotton,896,807,9.26,16,334.11,9,2.9,30.5,69.1,90.07,Low Quality Yarn
2024-02-16,Night,M010,O007,Polyester,1195,924,5.11,0,338.58,42,14.2,31.8,40.2,77.32,Smooth
2024-01-12,Morning,M001,O029,Cotton,1040,921,0.25,23,309.86,13,6.1,30.1,77.6,88.56,Power Cut
2024-01-16,Morning,M017,O040,Polyester,1091,1066,8.68,4,363.2,37,11.2,26.1,47.2,97.71,Smooth
2024-02-24,Night,M007,O016,Polyester,938,1016,6.39,18,233.11,49,8.9,33.3,74.7,108.32,Smooth
2024-01-05,Night,M015,O004,Polyester,933,1008,6.75,7,322.69,20,4.9,28.4,54.4,108.04,Smooth
2024-03-14,Afternoon,M012,O025,Polyester,1122,974,0.99,0,371.33,27,9.7,36.0,73.1,86.81,Humidity Issue
2024-02-11,Afternoon,M016,O011,Polyester,973,847,6.41,30,337.16,30,3.1,33.5,62.4,87.05,Smooth
2024-02-03,Night,M018,O044,Cotton,1069,1167,5.18,26,323.27,39,4.5,30.3,41.3,109.17,Smooth
2024-04-22,Afternoon,M005,O042,Blend,935,961,2.76,15,305.27,47,5.7,28.1,64.1,102.78,Low Quality Yarn
2024-02-25,Night,M019,O043,Cotton,1024,966,5.6,24,303.65,42,3.1,35.0,61.8,94.34,Power Cut
2024-03-12,Afternoon,M018,O010,Polyester,962,1039,6.25,16,399.43,49,4.5,31.3,46.8,108.0,Humidity Issue
2024-02-12,Afternoon,M017,O010,Blend,969,865,7.02,2,287.03,20,3.0,28.8,44.3,89.27,Smooth
2024-03-21,Night,M002,O043,Cotton,1095,1163,9.98,1,342.24,33,3.5,28.8,52.1,106.21,Smooth
2024-03-06,Afternoon,M009,O033,Cotton,977,762,7.74,12,284.45,35,14.6,34.7,46.9,77.99,Smooth
2024-02-03,Morning,M015,O035,Blend,858,677,5.26,0,449.08,20,5.3,25.4,61.7,78.9,Smooth
2024-02-20,Night,M017,O033,Polyester,1132,1226,2.06,10,302.76,13,3.0,30.4,62.6,108.3,Smooth
2024-02-21,Afternoon,M007,O045,Blend,808,792,2.02,11,371.12,20,10.0,26.5,79.8,98.02,Smooth
2024-04-12,Afternoon,M019,O001,Blend,855,919,0.04,21,310.18,12,2.1,25.6,69.1,107.49,Humidity Issue
2024-02-04,Afternoon,M008,O005,Blend,908,978,6.11,12,310.46,11,0.5,32.6,54.0,107.71,Smooth
2024-01-11,Night,M017,O042,Cotton,883,703,0.62,1,355.92,23,8.4,26.6,44.0,79.61,Smooth
2024-03-23,Afternoon,M004,O017,Blend,991,820,0.51,5,363.09,30,8.2,26.0,57.4,82.74,Power Cut
2024-02-26,Night,M006,O014,Cotton,1155,987,8.42,2,394.52,26,4.8,32.4,58.8,85.45,Smooth
2024-04-27,Afternoon,M008,O005,Polyester,1039,766,0.46,1,350.91,33,3.9,25.9,77.4,73.72,Smooth
2024-04-06,Afternoon,M019,O010,Blend,1140,1233,9.59,18,318.58,40,8.6,29.4,74.0,108.16,Breakdown
2024-01-23,Afternoon,M016,O048,Blend,916,1006,5.08,4,495.85,43,7.8,31.4,76.7,109.83,Smooth
2024-04-17,Afternoon,M002,O021,Polyester,1191,1132,8.4,1,371.33,19,3.3,32.6,77.1,95.05,Smooth
2024-04-16,Morning,M009,O014,Polyester,861,613,4.63,3,397.65,14,6.7,31.4,79.3,71.2,Smooth
2024-03-09,Afternoon,M006,O047,Polyester,813,824,8.97,5,326.06,31,2.1,25.7,50.8,101.35,Humidity Issue
2024-03-02,Night,M006,O003,Cotton,1097,788,4.32,17,402.74,29,5.4,32.8,46.8,71.83,Breakdown
2024-03-06,Morning,M010,O044,Blend,1138,1060,4.84,13,252.83,23,3.6,27.9,50.6,93.15,Smooth
2024-03-21,Night,M007,O046,Polyester,1041,768,3.47,0,379.37,17,10.2,27.8,68.7,73.78,Power Cut
2024-01-12,Night,M002,O004,Polyester,1155,1077,9.59,0,341.13,24,3.0,30.6,64.1,93.25,Power Cut
2024-01-26,Morning,M008,O035,Polyester,1161,1143,3.17,7,314.18,50,11.7,35.2,42.6,98.45,Power Cut
2024-04-08,Afternoon,M001,O022,Blend,805,763,2.35,8,269.73,14,8.2,27.8,44.6,94.78,Operator Absent
2024-04-12,Afternoon,M011,O015,Blend,1088,1000,0.01,3,307.01,13,8.0,33.9,48.5,91.91,Operator Absent
2024-02-18,Night,M007,O030,Blend,1026,938,8.35,9,383.09,44,14.0,36.5,60.5,91.42,Smooth
2024-04-11,Morning,M006,O023,Polyester,898,738,4.6,2,350.08,10,3.4,36.8,59.2,82.18,Smooth
2024-04-22,Morning,M012,O032,Cotton,903,952,5.66,11,391.43,26,10.1,24.4,42.0,105.43,Smooth
2024-01-22,Night,M011,O028,Polyester,846,759,2.96,3,355.16,33,6.5,24.1,69.8,89.72,Power Cut
2024-02-21,Morning,M012,O014,Polyester,1187,1237,3.1,4,402.09,14,5.0,28.7,67.2,104.21,Smooth
2024-04-29,Morning,M013,O008,Polyester,1081,1001,4.36,7,334.57,30,13.6,26.0,50.4,92.6,Low Quality Yarn
2024-03-28,Morning,M003,O044,Blend,1092,1143,6.44,0,298.03,28,5.7,27.4,54.9,104.67,Low Quality Yarn
2024-03-12,Night,M013,O021,Cotton,1166,964,6.21,1,367.74,28,12.9,31.2,49.9,82.68,Operator Absent
2024-01-30,Night,M019,O009,Cotton,934,660,6.19,6,395.28,32,9.7,30.5,70.6,70.66,Operator Absent
2024-02-04,Morning,M006,O026,Cotton,1056,774,1.61,13,268.29,17,9.3,23.8,47.4,73.3,Low Quality Yarn
2024-01-13,Morning,M001,O002,Blend,974,926,1.74,0,293.09,42,1.3,27.8,47.1,95.07,Operator Absent
2024-04-29,Night,M015,O004,Blend,1125,1034,4.81,0,289.49,29,4.4,34.3,53.8,91.91,Smooth
2024-02-07,Afternoon,M010,O014,Cotton,888,852,8.83,2,309.66,41,13.2,29.8,70.2,95.95,Low Quality Yarn
2024-02-21,Night,M010,O022,Blend,867,930,2.2,18,388.22,38,5.5,31.2,71.0,107.27,Power Cut
2024-03-18,Night,M012,O048,Polyester,1012,814,3.29,1,341.87,25,6.2,31.0,78.4,80.43,Smooth
2024-01-05,Morning,M006,O009,Blend,1019,849,7.79,19,249.63,33,13.7,26.8,70.2,83.32,Smooth
2024-03-19,Night,M003,O017,Blend,1133,896,8.88,4,410.5,15,11.9,30.8,63.8,79.08,Smooth
2024-02-20,Night,M014,O008,Polyester,804,850,1.72,5,325.73,34,10.0,26.7,63.2,105.72,Breakdown
2024-02-04,Night,M017,O044,Blend,932,849,8.43,2,290.93,28,4.1,29.4,53.4,91.09,Smooth
2024-03-31,Afternoon,M005,O050,Blend,925,821,0.27,0,315.75,36,10.6,35.4,40.3,88.76,Smooth
2024-01-23,Afternoon,M004,O044,Polyester,1014,959,0.94,15,350.78,35,3.9,30.7,57.5,94.58,Power Cut
2024-01-20,Morning,M018,O014,Cotton,1045,1089,1.67,3,437.96,27,14.0,28.6,43.8,104.21,Smooth
2024-02-12,Night,M014,O035,Blend,866,734,7.09,2,300.35,8,2.3,31.4,77.2,84.76,Smooth
2024-02-10,Afternoon,M005,O025,Polyester,1076,990,7.96,4,342.94,47,11.3,37.8,69.2,92.01,Smooth
2024-03-30,Morning,M005,O028,Polyester,818,587,5.5,6,343.68,12,6.5,30.7,49.7,71.76,Smooth
2024-01-02,Morning,M019,O038,Blend,1016,763,8.57,8,359.54,16,8.4,30.6,43.3,75.1,Smooth
2024-04-09,Night,M004,O032,Polyester,804,857,4.04,5,331.34,17,5.9,24.4,72.0,106.59,Smooth
2024-02-06,Morning,M018,O028,Cotton,1150,1188,3.04,6,338.14,44,8.9,31.0,62.1,103.3,Smooth
2024-03-16,Morning,M020,O048,Polyester,1161,1211,1.02,4,417.78,22,12.1,30.5,56.0,104.31,Breakdown
2024-03-03,Afternoon,M015,O046,Blend,1077,835,7.59,0,313.13,20,9.2,30.1,62.2,77.53,Smooth
2024-04-14,Night,M014,O024,Polyester,974,839,4.29,2,380.42,36,2.6,29.8,41.2,86.14,Smooth
2024-04-16,Morning,M020,O031,Blend,900,966,5.27,7,315.31,28,14.5,33.2,66.9,107.33,Smooth
2024-01-07,Morning,M009,O026,Polyester,1096,834,1.33,2,311.65,9,14.2,33.0,46.8,76.09,Humidity Issue
2024-03-12,Morning,M007,O032,Polyester,834,586,2.37,2,388.9,26,7.1,29.6,56.4,70.26,Smooth
2024-03-04,Morning,M001,O018,Cotton,955,880,2.43,0,343.56,26,0.8,25.8,45.9,92.15,Smooth
2024-01-03,Night,M015,O043,Cotton,1107,942,6.84,2,426.74,42,5.2,23.8,45.3,85.09,Smooth
2024-04-24,Night,M001,O001,Polyester,1182,1058,7.47,1,334.64,12,7.5,29.9,51.9,89.51,Humidity Issue
2024-01-12,Afternoon,M003,O030,Blend,1189,1234,6.02,6,346.11,14,13.4,22.2,79.9,103.78,Smooth
2024-01-04,Night,M016,O019,Polyester,1061,819,1.2,1,412.74,35,11.4,33.8,58.0,77.19,Smooth
2024-01-16,Afternoon,M012,O017,Blend,886,837,6.88,7,459.08,27,9.8,28.9,64.5,94.47,Smooth
2024-03-18,Afternoon,M007,O024,Blend,1059,1045,6.43,7,323.57,20,0.5,35.7,62.4,98.68,Breakdown
2024-01-25,Night,M012,O037,Polyester,1192,1116,9.72,4,286.26,14,11.7,28.6,50.0,93.62,Smooth
2024-01-12,Afternoon,M011,O028,Blend,1081,1019,6.88,6,342.28,21,13.5,33.1,74.5,94.26,Smooth
2024-02-26,Morning,M013,O030,Polyester,838,641,0.26,0,247.45,29,7.1,32.8,52.6,76.49,Low Quality Yarn
2024-01-12,Morning,M008,O028,Polyester,1064,1145,8.5,18,423.81,19,8.8,30.2,79.4,107.61,Smooth
2024-03-19,Night,M001,O023,Polyester,1085,885,7.94,6,371.44,11,14.2,26.8,51.7,81.57,Operator Absent
2024-03-08,Night,M019,O014,Blend,934,738,1.29,29,399.98,22,7.4,32.6,44.4,79.01,Operator Absent
2024-04-14,Night,M015,O041,Blend,1085,1002,2.47,37,330.48,16,11.9,34.0,44.9,92.35,Low Quality Yarn
2024-03-20,Night,M017,O025,Blend,924,716,2.12,8,316.51,9,7.2,33.1,69.9,77.49,Smooth
2024-01-22,Morning,M009,O032,Cotton,834,657,2.2,29,324.11,12,5.4,31.5,52.7,78.78,Smooth
2024-02-06,Morning,M010,O007,Polyester,990,1071,7.89,12,332.1,48,4.4,31.0,43.2,108.18,Smooth
2024-01-10,Morning,M005,O031,Polyester,1107,1065,6.54,0,408.11,19,1.6,32.7,51.1,96.21,Smooth
2024-03-24,Afternoon,M014,O016,Cotton,836,668,2.35,2,259.17,28,3.2,32.4,58.6,79.9,Power Cut
2024-01-17,Morning,M014,O043,Cotton,957,675,4.82,0,306.44,22,11.5,29.9,47.6,70.53,Humidity Issue
2024-03-13,Morning,M003,O012,Cotton,1122,1040,8.14,14,363.41,49,6.4,30.6,62.8,92.69,Low Quality Yarn
2024-01-30,Morning,M016,O002,Polyester,1160,1178,6.97,54,301.41,22,10.8,27.3,43.4,101.55,Smooth
2024-04-06,Afternoon,M014,O032,Polyester,834,831,6.93,2,385.34,33,13.2,25.9,74.1,99.64,Smooth
2024-01-09,Morning,M020,O035,Blend,1095,1189,5.81,23,421.34,17,6.2,29.6,50.9,108.58,Humidity Issue
2024-04-17,Morning,M020,O039,Blend,1103,900,1.23,16,366.53,18,4.3,26.4,59.5,81.6,Breakdown
2024-02-28,Afternoon,M020,O042,Blend,811,779,1.21,1,427.64,15,7.6,25.2,43.0,96.05,Smooth
2024-03-05,Morning,M013,O015,Cotton,825,588,4.69,5,370.61,29,6.2,27.6,65.0,71.27,Humidity Issue
2024-04-30,Night,M011,O018,Cotton,1022,1109,8.32,6,320.2,33,4.5,31.1,46.4,108.51,Low Quality Yarn
2024-02-10,Night,M018,O046,Blend,1200,1044,1.31,12,436.61,16,2.5,22.7,63.3,87.0,Operator Absent
2024-01-05,Morning,M002,O029,Polyester,995,1088,0.96,3,353.43,28,5.0,33.2,51.9,109.35,Smooth
2024-03-06,Night,M014,O025,Polyester,1142,939,8.85,12,403.26,19,9.5,31.8,58.4,82.22,Operator Absent
2024-04-15,Night,M016,O010,Blend,1185,1200,3.09,10,337.93,15,8.0,32.8,53.8,101.27,Humidity Issue
2024-01-13,Afternoon,M007,O005,Cotton,1116,1081,9.51,6,454.78,15,4.2,28.6,76.8,96.86,Smooth
2024-02-15,Afternoon,M006,O036,Polyester,1127,1090,0.13,2,404.67,47,4.7,32.3,77.2,96.72,Low Quality Yarn
2024-01-06,Night,M003,O013,Cotton,903,831,6.97,9,332.27,35,9.5,28.4,73.5,92.03,Smooth
2024-01-17,Night,M017,O003,Cotton,883,800,3.77,25,378.17,12,8.9,28.7,75.5,90.6,Smooth
2024-02-25,Afternoon,M011,O049,Blend,1056,939,7.47,16,364.37,26,3.0,30.5,41.9,88.92,Smooth
2024-03-08,Afternoon,M009,O029,Blend,857,684,1.43,8,262.41,31,1.5,33.4,79.2,79.81,Smooth
2024-01-10,Night,M017,O025,Polyester,1011,956,1.83,11,329.83,42,2.7,34.5,51.2,94.56,Smooth
2024-03-03,Night,M006,O002,Blend,859,633,2.11,2,405.27,29,15.0,22.6,70.1,73.69,Low Quality Yarn
2024-02-25,Afternoon,M009,O002,Blend,1081,1176,7.87,33,327.15,30,9.9,30.7,54.0,108.79,Smooth
2024-03-18,Night,M007,O050,Blend,884,715,5.77,27,277.87,22,11.6,30.3,75.8,80.88,Smooth
2024-02-20,Night,M015,O047,Blend,883,897,1.95,9,338.4,39,4.2,29.5,51.4,101.59,Smooth
2024-01-09,Morning,M001,O024,Cotton,987,1069,3.79,0,318.3,15,1.6,28.9,63.7,108.31,Smooth
2024-03-20,Afternoon,M011,O032,Polyester,1095,849,3.61,19,390.37,25,6.3,29.6,70.0,77.53,Smooth
2024-03-21,Morning,M015,O020,Blend,803,585,0.89,10,423.57,27,6.1,29.8,63.9,72.85,Breakdown
2024-01-20,Morning,M015,O021,Cotton,890,801,9.82,17,339.5,32,4.3,31.1,48.3,90.0,Breakdown
2024-02-15,Morning,M011,O030,Polyester,1083,1167,0.19,33,365.44,24,5.6,29.0,48.7,107.76,Breakdown
2024-01-02,Morning,M002,O022,Blend,1004,937,3.48,10,341.08,39,13.4,27.4,49.8,93.33,Breakdown
2024-01-12,Afternoon,M009,O012,Polyester,825,767,7.68,3,382.93,11,0.9,22.5,46.1,92.97,Humidity Issue
2024-02-17,Morning,M002,O046,Polyester,862,819,0.74,2,320.41,14,13.7,29.3,40.8,95.01,Smooth
2024-02-16,Afternoon,M006,O038,Cotton,947,910,3.84,11,279.81,39,7.6,31.4,72.9,96.09,Power Cut
2024-02-19,Morning,M018,O016,Polyester,883,761,9.85,14,350.81,22,11.5,31.6,75.2,86.18,Low Quality Yarn
2024-03-19,Night,M007,O032,Blend,1188,1289,3.25,16,361.38,22,5.5,25.7,77.3,108.5,Smooth
2024-03-20,Night,M009,O015,Cotton,1134,860,6.32,8,332.26,27,3.2,27.7,72.0,75.84,Humidity Issue
2024-01-28,Night,M013,O016,Cotton,1048,1141,2.15,2,431.48,24,0.8,29.1,61.6,108.87,Smooth
2024-01-02,Morning,M013,O009,Cotton,843,912,3.91,5,374.38,44,10.5,35.1,75.8,108.19,Operator Absent
2024-01-22,Afternoon,M002,O018,Polyester,974,954,7.35,3,400.13,20,8.7,27.9,50.0,97.95,Low Quality Yarn
2024-02-15,Afternoon,M010,O050,Blend,1122,1152,1.11,17,288.64,36,4.6,31.2,52.9,102.67,Smooth
2024-01-16,Night,M013,O024,Cotton,827,695,0.63,42,352.99,17,9.9,29.5,54.2,84.04,Smooth
2024-03-15,Morning,M003,O023,Blend,953,923,7.29,11,366.07,19,0.9,27.6,56.6,96.85,Smooth
2024-03-11,Night,M011,O035,Cotton,1025,895,4.67,12,294.77,11,10.5,26.6,62.7,87.32,Smooth
2024-01-21,Afternoon,M011,O019,Polyester,1132,950,7.05,7,407.04,33,10.1,20.7,51.6,83.92,Smooth
2024-01-21,Night,M015,O042,Polyester,1116,844,1.57,10,337.86,14,11.5,33.0,73.3,75.63,Smooth
2024-01-06,Afternoon,M015,O007,Cotton,960,1010,6.07,19,363.44,12,7.7,28.5,58.9,105.21,Smooth
2024-03-24,Afternoon,M019,O040,Cotton,851,701,8.7,1,410.61,7,10.3,28.0,72.7,82.37,Power Cut
2024-03-26,Afternoon,M005,O026,Blend,907,973,8.76,3,312.37,19,1.9,30.5,52.6,107.28,Low Quality Yarn
2024-02-22,Afternoon,M016,O042,Polyester,905,950,3.47,8,278.52,46,4.8,23.0,65.1,104.97,Smooth
2024-01-13,Afternoon,M003,O002,Blend,1007,874,0.61,6,389.14,28,7.3,32.8,75.5,86.79,Smooth
2024-03-19,Afternoon,M002,O028,Blend,992,998,8.12,16,318.93,44,13.9,36.3,41.0,100.6,Smooth
2024-01-03,Night,M018,O042,Cotton,1140,821,9.59,3,335.74,12,1.7,32.9,46.3,72.02,Smooth
2024-03-01,Night,M010,O004,Blend,1180,943,4.89,12,348.29,28,8.1,30.9,61.6,79.92,Smooth
2024-01-24,Morning,M003,O007,Blend,1160,1052,0.09,0,302.77,48,14.0,32.0,79.0,90.69,Smooth
2024-03-11,Afternoon,M011,O022,Polyester,1023,1100,2.72,7,373.15,50,12.8,28.5,57.3,107.53,Breakdown
2024-03-25,Afternoon,M005,O024,Polyester,1146,1149,0.98,0,327.41,57,1.9,34.6,74.2,100.26,Power Cut
2024-02-24,Night,M019,O021,Polyester,1006,897,8.27,16,337.8,43,2.7,31.5,43.3,89.17,Smooth
2024-04-12,Night,M013,O009,Cotton,1033,901,8.28,6,376.8,16,14.3,32.3,42.4,87.22,Smooth
2024-04-16,Morning,M014,O036,Polyester,906,959,3.04,6,288.93,23,3.3,29.1,48.2,105.85,Smooth
2024-02-26,Morning,M011,O046,Polyester,952,737,4.89,15,396.73,26,10.5,30.5,66.7,77.42,Smooth
2024-03-21,Morning,M007,O048,Blend,1195,1051,6.89,0,368.85,20,11.6,31.5,40.5,87.95,Smooth
2024-04-25,Night,M014,O001,Polyester,900,708,0.65,15,385.62,7,7.8,31.7,68.2,78.67,Smooth
2024-04-13,Night,M020,O024,Blend,957,729,6.5,0,344.93,26,2.6,26.0,47.4,76.18,Low Quality Yarn
2024-03-07,Afternoon,M003,O044,Cotton,1105,863,2.39,2,432.13,23,11.8,26.6,68.8,78.1,Smooth
2024-02-04,Morning,M018,O011,Blend,961,721,0.49,21,352.65,24,14.8,29.4,75.5,75.03,Operator Absent
2024-04-08,Morning,M002,O007,Blend,869,751,3.72,3,310.59,36,8.9,26.8,79.5,86.42,Smooth
2024-03-04,Morning,M006,O030,Blend,913,775,4.58,3,333.92,37,14.8,29.1,41.8,84.88,Smooth
2024-04-01,Morning,M013,O039,Blend,844,641,4.24,2,304.44,18,4.4,29.0,54.1,75.95,Smooth
2024-02-13,Morning,M005,O012,Cotton,930,686,4.28,40,389.67,29,14.3,28.9,71.6,73.76,Humidity Issue
2024-01-06,Morning,M007,O001,Cotton,812,782,8.57,0,363.69,31,14.5,29.9,71.2,96.31,Smooth
2024-04-13,Morning,M002,O031,Blend,983,1032,7.07,14,390.29,44,12.7,30.1,66.9,104.98,Breakdown
2024-02-17,Morning,M003,O030,Cotton,893,733,0.36,27,266.54,11,12.5,32.1,73.5,82.08,Low Quality Yarn
2024-03-11,Morning,M018,O023,Blend,988,1013,6.45,4,353.61,31,13.9,36.9,41.3,102.53,Smooth
2024-02-04,Afternoon,M009,O041,Blend,1080,1090,0.52,0,315.5,45,8.2,29.7,41.2,100.93,Humidity Issue
2024-02-23,Afternoon,M018,O038,Polyester,1099,787,6.13,16,438.46,33,9.4,24.0,49.0,71.61,Low Quality Yarn
2024-04-30,Morning,M017,O005,Blend,976,922,6.28,13,367.15,16,14.3,30.3,61.5,94.47,Low Quality Yarn
2024-02-08,Morning,M005,O013,Cotton,841,814,0.99,4,387.88,9,8.4,33.0,43.5,96.79,Smooth
2024-04-14,Afternoon,M002,O029,Cotton,823,903,8.97,0,416.5,24,10.0,27.3,53.6,109.72,Operator Absent
2024-02-20,Morning,M010,O032,Cotton,1192,988,4.24,1,326.59,25,13.5,33.1,59.9,82.89,Smooth
2024-03-26,Afternoon,M001,O006,Polyester,903,828,9.56,21,344.82,40,5.9,26.2,54.9,91.69,Breakdown
2024-02-05,Night,M013,O044,Cotton,1125,875,1.14,13,313.29,10,14.8,32.3,53.6,77.78,Smooth
2024-01-05,Morning,M005,O009,Polyester,882,727,9.06,8,365.28,36,1.8,29.3,74.5,82.43,Smooth
2024-03-20,Afternoon,M006,O040,Cotton,940,804,5.24,24,336.12,21,1.6,30.1,56.2,85.53,Smooth
2024-02-07,Afternoon,M011,O016,Blend,831,594,8.35,2,390.92,23,3.7,28.9,42.9,71.48,Humidity Issue
2024-01-29,Morning,M009,O023,Polyester,862,850,3.91,14,250.35,23,11.4,27.9,76.1,98.61,Power Cut
2024-04-28,Afternoon,M008,O014,Polyester,1023,736,5.24,0,400.55,18,14.0,29.8,65.2,71.95,Humidity Issue
2024-01-14,Afternoon,M009,O047,Cotton,891,956,7.57,1,322.87,16,7.7,25.9,58.9,107.3,Operator Absent
2024-04-20,Afternoon,M001,O030,Cotton,953,1031,4.34,15,349.0,24,6.3,25.6,54.4,108.18,Power Cut
2024-02-12,Night,M009,O035,Blend,901,928,4.52,7,427.4,14,9.4,29.8,49.6,103.0,Smooth
2024-03-01,Afternoon,M002,O032,Polyester,1133,1186,3.27,3,288.73,25,6.5,31.1,54.1,104.68,Low Quality Yarn
2024-03-25,Afternoon,M001,O001,Blend,872,793,6.0,8,284.38,11,11.5,33.2,74.0,90.94,Smooth
2024-03-13,Morning,M013,O014,Cotton,1051,843,4.07,6,453.65,9,11.0,31.3,42.5,80.21,Smooth
2024-02-08,Morning,M003,O037,Blend,1176,1043,8.28,6,363.08,27,3.2,31.1,77.7,88.69,Smooth
2024-01-28,Night,M015,O035,Blend,912,832,8.52,4,292.78,15,7.5,30.2,41.7,91.23,Low Quality Yarn
2024-03-06,Afternoon,M002,O004,Cotton,965,854,4.19,15,367.54,11,11.1,26.3,79.8,88.5,Low Quality Yarn
2024-02-16,Morning,M019,O044,Blend,1000,1027,5.56,6,332.33,21,11.6,29.4,74.1,102.7,Smooth
2024-03-22,Morning,M008,O014,Blend,893,903,6.31,7,309.79,39,10.3,34.6,67.9,101.12,Smooth
2024-02-05,Afternoon,M019,O011,Polyester,1155,1056,8.85,2,415.27,31,13.4,28.3,53.9,91.43,Smooth
2024-02-29,Night,M006,O044,Polyester,917,777,8.89,6,246.05,16,10.0,30.6,44.8,84.73,Smooth
2024-03-31,Morning,M002,O015,Blend,912,959,7.79,2,392.43,16,4.5,34.8,56.4,105.15,Smooth
2024-02-22,Night,M006,O030,Polyester,806,789,6.39,7,387.64,27,11.9,32.3,53.4,97.89,Smooth
2024-01-19,Night,M012,O016,Blend,838,881,6.15,17,276.1,27,5.9,30.7,67.9,105.13,Operator Absent
2024-03-17,Morning,M004,O030,Polyester,1075,957,8.36,11,297.54,47,12.7,32.1,71.6,89.02,Breakdown
2024-02-06,Afternoon,M003,O021,Polyester,1079,897,5.36,1,292.11,28,9.9,30.4,55.6,83.13,Low Quality Yarn
2024-01-27,Afternoon,M013,O032,Blend,877,788,8.76,1,323.22,9,3.2,31.4,70.6,89.85,Low Quality Yarn
2024-04-17,Afternoon,M012,O045,Blend,1107,954,8.73,7,360.25,15,5.5,29.2,70.5,86.18,Humidity Issue
2024-01-11,Night,M016,O021,Blend,837,905,3.71,17,376.11,32,3.3,28.4,52.1,108.12,Smooth
2024-03-12,Morning,M001,O041,Cotton,1092,821,3.83,2,351.21,27,13.8,29.1,60.2,75.18,Breakdown
2024-03-06,Night,M008,O007,Cotton,840,770,4.72,3,343.69,9,8.5,28.2,52.3,91.67,Smooth
2024-03-10,Morning,M007,O013,Cotton,1013,925,1.34,26,407.21,12,5.6,25.3,50.0,91.31,Smooth
2024-04-27,Night,M008,O033,Blend,1131,1205,8.53,8,388.43,56,14.6,30.1,45.0,106.54,Smooth
2024-03-26,Night,M016,O025,Polyester,978,747,6.77,7,390.21,25,12.2,29.1,57.1,76.38,Breakdown
2024-03-24,Night,M013,O038,Polyester,960,715,4.34,6,302.55,35,4.0,30.4,47.9,74.48,Breakdown
2024-04-18,Morning,M006,O010,Cotton,1117,1017,5.37,5,354.76,34,11.0,34.7,41.0,91.05,Smooth
2024-02-18,Afternoon,M014,O031,Polyester,993,921,8.84,0,385.93,22,7.2,29.5,79.3,92.75,Smooth
2024-04-24,Morning,M016,O031,Blend,1076,838,0.65,19,345.84,25,12.6,33.3,69.5,77.88,Smooth
2024-02-19,Afternoon,M007,O004,Blend,1092,880,0.17,6,277.2,36,11.2,36.3,61.5,80.59,Operator Absent
2024-03-22,Night,M014,O042,Polyester,997,732,9.26,6,417.99,27,3.6,25.7,73.5,73.42,Smooth
2024-02-01,Afternoon,M007,O048,Cotton,805,656,1.87,5,262.03,28,10.2,31.5,78.8,81.49,Smooth
2024-01-14,Afternoon,M010,O021,Cotton,867,695,4.86,6,375.17,19,7.0,25.6,54.5,80.16,Low Quality Yarn
2024-02-15,Afternoon,M002,O041,Cotton,1150,812,5.22,4,313.44,12,7.9,25.4,67.7,70.61,Smooth
2024-03-13,Afternoon,M012,O025,Polyester,888,845,8.04,6,418.78,22,10.7,30.3,57.4,95.16,Smooth
2024-02-26,Afternoon,M014,O040,Cotton,1008,874,7.6,1,292.26,21,3.8,28.0,63.2,86.71,Smooth
2024-04-17,Morning,M003,O014,Polyester,1038,1058,7.87,4,351.28,27,12.6,30.4,69.2,101.93,Smooth
2024-01-17,Morning,M010,O037,Polyester,964,963,1.96,6,350.63,35,9.0,33.4,73.7,99.9,Humidity Issue
2024-04-15,Morning,M002,O035,Blend,933,759,5.75,1,405.27,8,10.3,32.7,56.6,81.35,Breakdown
2024-01-29,Afternoon,M002,O005,Blend,826,619,4.2,2,259.69,24,11.7,26.0,64.3,74.94,Low Quality Yarn
2024-03-31,Night,M004,O043,Blend,913,647,9.31,11,367.67,18,6.6,26.0,75.6,70.87,Low Quality Yarn
2024-04-06,Afternoon,M003,O042,Cotton,1122,981,0.75,29,361.72,28,1.8,31.6,71.6,87.43,Smooth
2024-01-16,Morning,M006,O013,Blend,1082,790,0.69,7,296.52,12,1.6,29.3,48.2,73.01,Smooth
2024-01-01,Night,M012,O034,Cotton,968,954,8.09,6,324.03,12,4.2,30.0,61.8,98.55,Smooth
2024-03-07,Afternoon,M015,O018,Cotton,1158,1153,6.05,4,363.74,28,11.2,28.9,60.5,99.57,Smooth
2024-03-16,Morning,M001,O001,Polyester,1159,1153,9.07,25,400.28,23,14.1,39.2,58.3,99.48,Operator Absent
2024-04-27,Night,M013,O025,Blend,1073,805,4.33,1,494.73,18,1.5,30.4,77.7,75.02,Humidity Issue
2024-02-01,Night,M009,O025,Polyester,1090,1100,8.39,4,345.49,19,2.3,34.8,53.8,100.92,Smooth
2024-03-23,Night,M009,O034,Polyester,1030,777,9.98,0,263.32,17,8.8,23.6,46.0,75.44,Breakdown
2024-01-23,Night,M017,O028,Cotton,863,874,3.32,8,379.91,37,9.3,31.0,55.5,101.27,Low Quality Yarn
2024-03-11,Night,M020,O032,Cotton,903,813,7.69,21,337.77,33,6.8,27.5,53.3,90.03,Power Cut
2024-03-11,Afternoon,M001,O036,Blend,1119,967,6.03,85,276.59,15,1.1,29.9,62.4,86.42,Smooth
2024-01-29,Morning,M001,O012,Blend,1049,962,2.05,11,306.25,22,14.9,32.6,55.0,91.71,Breakdown
2024-02-21,Morning,M007,O046,Blend,814,817,4.53,15,385.71,36,14.1,33.4,63.2,100.37,Smooth
2024-02-23,Morning,M016,O037,Blend,844,670,3.99,14,297.17,8,10.4,31.5,50.0,79.38,Smooth
2024-01-08,Night,M009,O023,Cotton,1034,930,7.47,8,314.27,30,7.8,27.5,48.1,89.94,Power Cut
2024-02-28,Night,M005,O047,Polyester,934,679,1.71,41,404.99,29,7.9,29.7,68.3,72.7,Humidity Issue
2024-03-14,Morning,M018,O033,Cotton,820,637,6.88,3,335.3,28,4.9,30.6,66.2,77.68,Operator Absent
2024-03-30,Night,M011,O028,Blend,979,876,3.66,10,359.57,37,6.1,32.2,58.9,89.48,Breakdown
2024-04-28,Morning,M018,O011,Cotton,940,984,4.15,7,417.88,32,2.6,32.7,57.8,104.68,Smooth
2024-03-14,Morning,M008,O015,Cotton,966,813,4.96,20,346.59,37,7.3,30.1,69.8,84.16,Operator Absent
2024-03-29,Afternoon,M016,O012,Cotton,940,710,6.71,2,333.93,11,1.8,29.9,49.6,75.53,Smooth
2024-01-13,Afternoon,M007,O031,Polyester,886,655,6.92,0,299.76,31,14.0,31.0,49.0,73.93,Humidity Issue
2024-03-16,Afternoon,M007,O012,Polyester,899,850,0.28,26,320.18,20,1.6,30.1,55.7,94.55,Power Cut
2024-02-02,Night,M016,O005,Cotton,1163,1125,4.7,4,333.59,15,12.2,28.5,45.4,96.73,Smooth
2024-01-15,Afternoon,M017,O033,Cotton,812,761,3.43,2,317.31,19,9.1,36.4,59.7,93.72,Breakdown
2024-04-29,Morning,M018,O018,Cotton,1183,971,5.59,11,348.36,11,3.2,28.6,62.4,82.08,Humidity Issue
2024-03-07,Night,M010,O039,Cotton,1174,1228,8.83,0,436.59,19,11.6,24.9,69.8,104.6,Power Cut
2024-02-18,Night,M006,O006,Blend,838,889,0.08,2,375.48,40,1.3,32.9,63.9,106.09,Smooth
2024-03-06,Afternoon,M006,O039,Polyester,819,759,0.36,7,288.71,15,9.8,31.3,58.7,92.67,Smooth
2024-04-04,Night,M017,O028,Polyester,920,959,3.42,3,302.84,41,10.8,27.2,79.3,104.24,Breakdown
2024-01-13,Morning,M018,O015,Blend,1105,1087,4.18,12,367.15,47,14.3,28.1,48.4,98.37,Smooth
2024-04-03,Morning,M011,O038,Polyester,993,895,6.81,2,275.83,20,6.9,31.8,61.2,90.13,Smooth
2024-02-29,Night,M002,O043,Blend,947,833,4.93,3,367.7,34,3.0,26.1,44.3,87.96,Smooth
2024-04-12,Night,M009,O019,Cotton,825,824,3.05,30,301.48,17,8.1,33.6,43.2,99.88,Low Quality Yarn
2024-02-15,Morning,M013,O030,Blend,830,620,1.76,14,335.53,22,6.6,30.0,60.4,74.7,Humidity Issue
2024-03-16,Night,M003,O023,Cotton,1175,923,5.52,38,340.45,18,4.1,28.9,55.1,78.55,Smooth
2024-03-16,Night,M020,O021,Blend,1030,1058,9.13,2,456.61,32,6.8,32.0,47.7,102.72,Smooth
2024-04-12,Night,M009,O042,Blend,1083,969,4.01,15,323.95,13,13.7,31.1,61.4,89.47,Smooth
2024-02-15,Night,M016,O035,Polyester,978,1020,0.58,7,406.29,14,4.0,30.4,56.3,104.29,Smooth
2024-01-27,Night,M012,O029,Polyester,1161,1214,9.39,49,401.47,55,3.2,28.6,64.8,104.57,Smooth
2024-01-20,Afternoon,M018,O037,Cotton,816,870,4.64,1,240.47,28,6.9,27.8,40.7,106.62,Low Quality Yarn
2024-01-20,Morning,M016,O036,Blend,1126,1235,5.44,6,375.71,25,12.1,28.4,50.9,109.68,Low Quality Yarn
2024-04-27,Morning,M005,O042,Polyester,1122,800,5.17,2,385.0,37,11.9,33.8,47.2,71.3,Smooth
2024-03-06,Morning,M015,O006,Polyester,940,958,6.42,11,363.45,27,9.7,33.6,51.9,101.91,Smooth
2024-02-11,Afternoon,M009,O022,Blend,920,711,6.17,2,269.5,28,5.9,33.8,59.4,77.28,Smooth
2024-03-12,Afternoon,M001,O034,Polyester,869,749,6.51,4,433.95,29,10.6,23.0,75.6,86.19,Operator Absent
2024-03-09,Night,M020,O039,Cotton,963,950,9.98,4,375.8,35,5.2,32.6,71.4,98.65,Low Quality Yarn
2024-03-02,Night,M006,O017,Cotton,992,1051,2.19,9,272.33,26,10.0,29.6,43.0,105.95,Operator Absent
2024-03-27,Afternoon,M005,O047,Polyester,1027,966,9.31,18,307.45,10,3.0,31.5,73.5,94.06,Humidity Issue
2024-02-14,Afternoon,M017,O015,Polyester,936,663,2.33,14,419.36,26,1.2,31.3,75.7,70.83,Operator Absent
2024-04-09,Night,M004,O026,Cotton,884,699,5.53,10,315.07,33,9.0,29.9,68.0,79.07,Humidity Issue
2024-03-06,Morning,M006,O024,Cotton,944,859,8.35,0,338.67,11,10.7,24.8,55.7,91.0,Smooth
2024-01-10,Night,M015,O023,Blend,865,699,0.03,12,332.08,22,3.8,33.4,64.9,80.81,Smooth
2024-04-29,Night,M018,O009,Cotton,1199,845,4.89,10,339.79,34,9.2,32.2,77.1,70.48,Low Quality Yarn
2024-04-23,Night,M018,O042,Blend,1116,959,3.19,21,344.3,24,3.2,30.0,65.0,85.93,Breakdown
2024-01-08,Morning,M011,O016,Blend,819,795,4.88,0,398.57,30,12.5,31.3,48.0,97.07,Operator Absent
2024-02-10,Afternoon,M002,O040,Blend,842,888,3.22,0,290.24,17,7.3,32.1,75.9,105.46,Humidity Issue
2024-02-17,Afternoon,M006,O026,Polyester,860,653,8.26,3,254.19,27,8.2,26.9,67.4,75.93,Low Quality Yarn
2024-01-31,Morning,M008,O023,Polyester,969,919,1.53,18,392.17,19,5.1,27.3,52.4,94.84,Smooth
2024-01-13,Morning,M013,O015,Cotton,1171,1170,5.57,21,405.09,46,2.7,26.7,56.0,99.91,Humidity Issue
2024-01-09,Night,M012,O014,Polyester,1109,990,3.56,3,298.04,37,14.1,32.0,62.6,89.27,Breakdown
2024-03-29,Night,M002,O007,Cotton,1042,984,0.69,19,390.09,48,9.1,25.5,69.0,94.43,Smooth
2024-02-06,Morning,M007,O006,Blend,1163,1021,0.6,15,352.56,34,7.1,26.3,53.6,87.79,Low Quality Yarn
2024-01-12,Night,M012,O001,Polyester,864,766,3.11,5,395.87,14,14.8,24.1,60.0,88.66,Breakdown
2024-04-19,Night,M010,O015,Blend,895,696,4.77,20,287.12,29,5.8,30.5,51.8,77.77,Smooth
2024-02-10,Morning,M003,O010,Blend,1159,1195,6.39,22,418.34,51,1.3,32.2,71.0,103.11,Breakdown
2024-03-21,Night,M006,O015,Blend,1110,1049,0.7,7,360.04,33,14.3,28.9,47.3,94.5,Smooth
2024-03-23,Night,M012,O048,Polyester,1068,1006,2.12,9,398.09,42,12.9,32.9,43.1,94.19,Operator Absent
2024-01-24,Afternoon,M009,O001,Polyester,1195,1000,6.87,6,361.47,26,6.2,26.0,72.4,83.68,Smooth
2024-02-16,Night,M016,O027,Blend,919,793,0.26,0,298.83,37,10.1,34.3,73.8,86.29,Smooth
2024-02-03,Morning,M017,O034,Cotton,1146,1153,3.79,6,320.58,47,13.5,27.3,69.0,100.61,Breakdown
2024-01-29,Afternoon,M013,O047,Cotton,1157,1025,0.87,0,317.96,35,0.6,23.3,79.6,88.59,Smooth
2024-02-02,Morning,M019,O034,Blend,803,678,8.48,7,364.36,26,8.1,28.9,60.6,84.43,Smooth
2024-04-05,Night,M017,O023,Polyester,969,712,6.56,24,337.61,32,4.6,28.7,66.2,73.48,Smooth
2024-02-15,Night,M013,O002,Cotton,850,776,5.96,5,339.78,30,11.3,29.7,66.8,91.29,Breakdown
2024-02-29,Morning,M008,O019,Polyester,1060,1014,2.44,0,348.01,22,2.0,34.2,42.5,95.66,Smooth
2024-04-02,Morning,M017,O035,Polyester,1046,878,8.05,25,352.99,16,12.1,32.7,48.5,83.94,Smooth
2024-04-14,Morning,M018,O038,Cotton,861,694,2.33,7,305.47,19,13.2,28.6,62.8,80.6,Low Quality Yarn
2024-01-08,Morning,M018,O018,Blend,1047,1100,1.96,1,291.7,40,12.0,37.2,70.1,105.06,Power Cut
2024-02-18,Morning,M018,O014,Polyester,1073,1155,3.98,2,301.23,24,3.5,30.4,55.9,107.64,Humidity Issue
2024-03-29,Afternoon,M008,O047,Polyester,823,612,0.32,10,426.65,22,2.2,32.4,51.6,74.36,Low Quality Yarn
2024-02-25,Morning,M011,O030,Cotton,888,667,8.43,13,320.63,32,9.1,26.7,72.0,75.11,Smooth
2024-02-14,Night,M013,O001,Blend,1035,834,2.1,15,406.51,26,8.7,33.5,69.4,80.58,Smooth
2024-02-24,Afternoon,M017,O035,Blend,840,678,3.53,20,372.75,25,15.0,24.4,57.4,80.71,Power Cut
2024-03-23,Night,M010,O044,Cotton,1161,1011,8.43,16,336.31,23,9.3,35.2,75.0,87.08,Power Cut
2024-04-17,Night,M018,O038,Blend,1109,1168,1.08,5,370.7,43,6.4,29.9,41.0,105.32,Humidity Issue
2024-04-10,Afternoon,M001,O028,Polyester,853,790,0.96,17,337.34,21,13.5,34.9,51.5,92.61,Smooth
2024-04-07,Morning,M017,O031,Polyester,901,720,9.39,16,325.89,11,0.9,31.5,49.5,79.91,Smooth
2024-03-20,Afternoon,M010,O008,Polyester,1019,1028,2.4,13,319.41,50,4.0,25.7,55.1,100.88,Smooth
2024-03-03,Afternoon,M013,O038,Blend,1003,822,1.1,6,424.9,35,8.4,27.2,41.3,81.95,Smooth
2024-04-25,Afternoon,M004,O004,Blend,1064,1008,0.55,9,299.96,43,13.7,31.8,72.5,94.74,Breakdown
2024-04-16,Afternoon,M011,O010,Blend,986,810,5.87,24,398.54,8,0.6,28.4,70.4,82.15,Smooth
2024-02-29,Night,M014,O002,Cotton,1064,1068,7.89,26,334.93,49,3.1,28.7,67.3,100.38,Smooth
2024-04-08,Afternoon,M001,O009,Cotton,886,808,0.83,3,408.92,30,9.5,30.2,59.8,91.2,Smooth
2024-04-02,Morning,M001,O016,Polyester,1159,949,1.19,5,254.07,11,9.0,25.2,62.0,81.88,Smooth
2024-01-16,Night,M012,O014,Blend,1049,767,9.43,1,315.39,30,6.3,33.9,42.8,73.12,Low Quality Yarn
2024-03-23,Afternoon,M003,O037,Polyester,1126,1133,0.71,25,348.5,44,6.2,28.0,48.7,100.62,Smooth
2024-04-10,Morning,M015,O018,Polyester,890,893,7.84,25,355.95,21,4.2,22.9,70.0,100.34,Power Cut
2024-01-29,Night,M014,O033,Blend,861,719,4.28,5,372.62,26,7.3,30.7,71.2,83.51,Smooth
2024-02-01,Afternoon,M003,O044,Blend,860,822,0.61,1,347.46,35,5.0,28.4,55.4,95.58,Smooth
2024-01-27,Afternoon,M006,O025,Polyester,1121,1192,8.37,10,321.8,12,2.1,29.0,51.7,106.33,Smooth
2024-01-24,Night,M001,O022,Polyester,1087,1000,0.64,1,373.28,34,8.5,26.6,50.0,92.0,Smooth
2024-04-01,Afternoon,M018,O050,Cotton,1100,933,0.97,2,383.04,33,1.0,30.7,79.9,84.82,Smooth
2024-01-10,Morning,M004,O021,Blend,1147,848,6.83,2,430.9,23,4.1,26.4,53.4,73.93,Smooth
2024-02-05,Afternoon,M002,O041,Cotton,1129,944,9.59,16,279.9,40,2.8,29.4,48.4,83.61,Smooth
2024-04-24,Afternoon,M008,O025,Cotton,918,777,8.8,1,349.16,16,8.7,26.8,58.1,84.64,Breakdown
2024-02-15,Night,M013,O020,Blend,921,804,1.12,1,329.08,9,9.3,29.1,68.6,87.3,Low Quality Yarn
2024-03-28,Afternoon,M009,O014,Blend,999,848,6.8,12,365.44,27,1.7,31.2,50.9,84.88,Smooth
2024-01-05,Afternoon,M010,O024,Cotton,952,779,5.61,2,358.18,17,7.1,29.1,45.1,81.83,Smooth
2024-01-05,Afternoon,M003,O022,Cotton,1105,1128,5.66,23,385.29,51,8.9,30.0,77.4,102.08,Smooth
2024-01-31,Night,M019,O049,Blend,897,743,3.66,0,429.68,30,2.7,31.9,57.8,82.83,Smooth
2024-02-21,Morning,M010,O037,Blend,1116,860,6.62,1,340.55,18,12.8,30.9,58.3,77.06,Smooth
2024-01-03,Afternoon,M008,O003,Polyester,822,583,4.95,0,352.08,11,8.7,30.7,43.1,70.92,Breakdown
2024-01-03,Afternoon,M006,O030,Blend,1034,1054,9.25,20,285.74,12,9.9,26.5,61.4,101.93,Smooth
2024-02-20,Afternoon,M012,O032,Blend,1100,972,9.08,1,250.55,16,11.4,30.1,48.2,88.36,Low Quality Yarn
2024-04-18,Afternoon,M020,O018,Cotton,1157,1128,3.49,7,408.66,37,4.5,30.0,55.9,97.49,Smooth
2024-01-05,Afternoon,M019,O031,Polyester,1156,1123,8.91,0,339.49,21,4.3,28.5,48.9,97.15,Smooth
2024-01-07,Afternoon,M004,O016,Blend,1033,804,1.31,27,332.18,15,14.0,28.7,70.2,77.83,Low Quality Yarn
2024-02-26,Afternoon,M003,O050,Polyester,1148,1166,1.05,18,273.32,38,12.4,28.2,71.1,101.57,Smooth
2024-01-05,Morning,M011,O002,Polyester,1052,1110,9.28,2,336.92,50,2.7,29.9,74.5,105.51,Smooth
2024-03-11,Morning,M004,O029,Blend,1111,924,3.68,0,386.77,10,6.4,29.0,41.3,83.17,Low Quality Yarn
2024-03-17,Night,M006,O011,Polyester,1019,864,1.73,2,341.38,18,9.0,33.1,45.7,84.79,Smooth
2024-02-15,Morning,M016,O047,Cotton,972,781,5.46,2,345.2,31,14.2,36.1,44.6,80.35,Smooth
2024-04-22,Afternoon,M017,O046,Cotton,911,759,3.2,1,379.52,22,8.3,32.1,42.4,83.32,Smooth
2024-03-27,Night,M016,O010,Polyester,1019,939,7.91,8,393.11,22,8.4,26.4,59.5,92.15,Low Quality Yarn
2024-04-15,Night,M012,O039,Blend,980,835,7.19,21,445.29,36,7.3,30.3,73.4,85.2,Smooth
2024-02-04,Morning,M012,O042,Cotton,833,642,1.59,10,369.37,14,14.7,36.6,52.8,77.07,Low Quality Yarn
2024-03-04,Afternoon,M017,O034,Blend,1039,1036,5.32,9,371.21,34,14.1,29.7,40.3,99.71,Smooth
2024-02-26,Morning,M015,O045,Blend,938,871,7.17,13,342.53,10,8.1,25.4,55.2,92.86,Smooth
2024-03-14,Night,M013,O002,Polyester,1009,724,3.35,4,364.6,30,14.9,30.1,78.7,71.75,Smooth
2024-02-25,Night,M004,O003,Blend,905,810,6.96,1,416.87,24,10.7,29.2,69.8,89.5,Smooth
2024-02-26,Morning,M019,O041,Blend,1030,825,8.76,6,370.67,22,11.4,29.0,61.9,80.1,Breakdown
2024-01-16,Afternoon,M013,O046,Cotton,1050,895,8.1,8,305.92,41,1.0,29.3,74.5,85.24,Low Quality Yarn
2024-02-11,Afternoon,M010,O012,Polyester,804,678,6.39,25,361.06,27,11.5,26.5,61.0,84.33,Smooth
2024-04-08,Afternoon,M009,O023,Blend,871,827,7.58,18,315.16,41,6.8,33.7,41.0,94.95,Smooth
2024-01-11,Afternoon,M006,O020,Blend,841,710,1.28,1,343.26,26,1.6,29.8,48.1,84.42,Low Quality Yarn
2024-03-10,Morning,M001,O015,Blend,974,717,0.63,3,374.49,32,13.2,30.2,47.0,73.61,Low Quality Yarn
2024-04-29,Night,M010,O050,Polyester,862,694,0.76,15,354.92,13,4.0,27.8,79.6,80.51,Humidity Issue
2024-04-19,Night,M019,O047,Cotton,1169,1172,8.37,8,367.39,56,4.6,32.7,63.8,100.26,Breakdown
2024-03-04,Morning,M004,O041,Polyester,1151,1123,3.93,21,349.74,28,7.3,31.2,74.1,97.57,Smooth
2024-01-13,Afternoon,M019,O034,Blend,972,931,0.45,7,333.47,39,1.2,23.9,46.3,95.78,Smooth
2024-01-13,Night,M002,O003,Blend,991,851,2.3,4,285.95,16,12.5,27.0,67.2,85.87,Smooth
2024-01-19,Morning,M017,O050,Polyester,1197,950,3.77,7,399.78,23,13.7,30.2,57.7,79.37,Smooth
2024-04-10,Night,M014,O049,Blend,1180,1178,9.3,23,218.21,41,14.2,27.3,44.5,99.83,Humidity Issue
2024-04-10,Afternoon,M012,O050,Blend,1099,967,1.92,22,348.77,13,11.9,31.6,67.9,87.99,Smooth
2024-02-26,Morning,M013,O012,Cotton,961,809,8.87,37,449.08,17,9.0,35.2,57.6,84.18,Smooth
2024-01-16,Night,M019,O010,Cotton,1079,885,0.67,2,359.69,30,9.3,25.8,55.5,82.02,Smooth
2024-02-22,Night,M017,O018,Cotton,858,745,8.34,6,348.39,26,1.2,30.8,66.1,86.83,Smooth
2024-03-19,Night,M012,O012,Cotton,1106,1150,9.42,59,378.78,32,8.7,25.0,46.3,103.98,Humidity Issue
2024-01-29,Afternoon,M006,O011,Polyester,938,977,9.1,5,314.61,36,5.0,28.7,76.4,104.16,Low Quality Yarn
2024-02-07,Night,M002,O026,Blend,928,898,6.46,8,440.85,10,9.7,31.0,70.6,96.77,Smooth
2024-02-13,Night,M003,O047,Blend,1130,1142,7.7,2,400.42,26,14.5,26.6,44.1,101.06,Power Cut
2024-01-10,Night,M016,O030,Polyester,1011,908,4.28,3,305.23,35,14.7,31.1,72.2,89.81,Smooth
2024-04-28,Morning,M004,O040,Polyester,1130,1179,3.6,3,319.17,56,2.6,30.1,76.1,104.34,Smooth
2024-03-31,Afternoon,M011,O031,Cotton,831,609,8.23,1,398.77,19,2.1,27.0,77.3,73.29,Humidity Issue
2024-04-20,Night,M020,O044,Blend,1106,974,7.34,6,270.61,17,8.4,32.5,57.6,88.07,Smooth
2024-03-21,Afternoon,M015,O035,Cotton,948,811,6.73,11,343.57,21,1.9,28.9,49.4,85.55,Smooth
2024-03-26,Afternoon,M006,O016,Cotton,1171,843,9.96,13,326.29,34,13.9,35.1,64.0,71.99,Smooth
2024-02-15,Night,M005,O006,Cotton,1110,860,7.82,31,437.85,20,6.0,32.3,69.4,77.48,Breakdown
2024-03-13,Morning,M019,O043,Blend,1131,1211,6.29,15,325.76,37,3.1,28.3,65.4,107.07,Smooth
2024-04-20,Morning,M019,O030,Polyester,838,684,7.92,16,283.91,24,14.9,29.6,64.9,81.62,Smooth
2024-01-30,Night,M003,O010,Blend,800,571,0.17,3,376.43,25,4.2,28.5,53.0,71.38,Breakdown
2024-01-22,Morning,M001,O047,Cotton,805,639,9.08,6,301.56,22,6.1,35.4,53.6,79.38,Smooth
2024-02-15,Afternoon,M013,O001,Polyester,1019,971,5.91,3,331.13,25,9.6,27.0,76.6,95.29,Smooth
2024-02-04,Afternoon,M017,O033,Polyester,901,643,2.44,2,210.03,25,4.0,30.3,63.8,71.37,Breakdown
2024-02-14,Morning,M020,O001,Polyester,1152,1213,9.11,31,362.15,23,3.4,30.5,40.3,105.3,Smooth
2024-01-03,Morning,M015,O021,Cotton,982,965,9.37,2,416.16,45,9.9,32.2,78.8,98.27,Smooth
2024-04-02,Morning,M001,O032,Blend,1005,842,3.5,7,395.31,33,5.5,32.5,60.9,83.78,Low Quality Yarn
2024-04-28,Morning,M014,O023,Blend,1186,1000,0.16,8,350.97,49,1.3,31.7,63.3,84.32,Operator Absent
2024-02-18,Night,M006,O011,Cotton,968,812,8.43,4,382.18,20,0.7,28.7,55.6,83.88,Smooth
2024-01-21,Afternoon,M013,O014,Polyester,940,904,2.54,5,356.2,36,6.5,28.1,56.8,96.17,Smooth
2024-01-21,Night,M005,O033,Blend,969,712,2.02,1,488.59,34,1.6,24.8,64.0,73.48,Low Quality Yarn
2024-01-11,Night,M012,O031,Cotton,928,845,5.16,20,291.36,9,4.1,33.9,52.4,91.06,Power Cut
2024-03-10,Morning,M016,O021,Polyester,944,893,1.73,5,207.02,43,1.2,26.3,78.0,94.6,Humidity Issue
2024-03-27,Afternoon,M019,O040,Polyester,1039,969,7.96,5,401.47,44,4.0,29.6,48.0,93.26,Smooth
2024-04-11,Night,M006,O043,Cotton,1082,972,9.0,3,415.74,39,8.7,32.9,56.1,89.83,Breakdown
2024-01-02,Night,M019,O011,Polyester,1019,1107,6.11,13,415.1,22,4.1,26.4,68.6,108.64,Smooth
2024-01-10,Night,M008,O049,Cotton,820,745,6.83,3,289.87,25,4.7,36.4,68.6,90.85,Low Quality Yarn
2024-04-02,Morning,M007,O012,Cotton,895,915,2.6,3,413.62,34,10.4,33.1,55.7,102.23,Low Quality Yarn
2024-02-13,Afternoon,M020,O039,Cotton,1095,939,2.55,1,320.69,44,12.5,30.8,74.3,85.75,Smooth
2024-04-06,Morning,M008,O040,Polyester,1179,1252,4.09,18,309.23,46,1.1,32.4,73.5,106.19,Smooth
2024-02-23,Night,M007,O023,Blend,1100,844,6.97,2,348.36,14,11.1,27.7,49.5,76.73,Smooth
2024-01-16,Night,M014,O035,Blend,999,836,5.67,3,408.28,14,1.7,28.6,53.1,83.68,Smooth
2024-02-11,Night,M008,O030,Polyester,883,767,5.43,4,251.3,27,14.5,26.6,60.4,86.86,Smooth
2024-01-21,Morning,M006,O008,Blend,1162,1272,3.02,0,332.15,28,1.9,26.6,57.3,109.47,Smooth
2024-01-27,Afternoon,M019,O037,Polyester,862,719,1.23,3,332.87,27,9.4,32.0,57.1,83.41,Smooth
2024-01-13,Night,M020,O024,Cotton,814,647,3.69,8,291.19,9,13.3,28.2,57.6,79.48,Breakdown
2024-01-04,Afternoon,M009,O038,Polyester,1109,1053,4.9,20,292.68,49,10.9,38.4,44.5,94.95,Smooth
2024-01-25,Night,M012,O005,Blend,1169,901,7.87,18,457.6,31,6.9,35.4,67.2,77.07,Low Quality Yarn
2024-04-12,Night,M007,O040,Polyester,880,654,9.61,13,277.42,10,6.4,33.1,66.5,74.32,Smooth
2024-03-03,Night,M012,O041,Blend,942,898,3.83,9,428.68,28,9.9,29.1,60.7,95.33,Smooth
2024-03-15,Morning,M014,O049,Cotton,970,1063,0.55,6,296.6,51,14.2,28.9,53.4,109.59,Smooth
2024-03-02,Afternoon,M009,O020,Cotton,1077,1029,5.34,16,389.07,31,13.6,32.5,76.3,95.54,Smooth
2024-03-01,Afternoon,M019,O021,Cotton,1134,1031,6.08,56,297.94,17,13.5,26.4,69.8,90.92,Humidity Issue
2024-01-09,Afternoon,M010,O024,Blend,1124,834,9.82,13,446.04,26,10.2,30.1,72.7,74.2,Smooth
2024-02-15,Morning,M005,O031,Cotton,989,840,8.49,1,283.18,35,10.0,25.5,57.5,84.93,Power Cut
2024-04-25,Night,M020,O023,Polyester,1053,1011,0.53,1,423.19,41,6.3,33.9,68.9,96.01,Smooth
2024-02-21,Night,M001,O018,Polyester,1085,1056,9.63,2,458.37,52,3.4,33.3,60.9,97.33,Power Cut
2024-03-17,Afternoon,M018,O007,Polyester,924,774,5.26,2,354.68,18,3.1,28.2,53.0,83.77,Smooth
2024-02-02,Night,M011,O009,Cotton,1171,842,9.5,8,334.37,38,7.5,33.8,63.0,71.9,Smooth
2024-04-08,Morning,M017,O021,Blend,1096,982,7.33,8,315.3,33,7.6,28.7,43.8,89.6,Breakdown
2024-01-23,Afternoon,M011,O012,Blend,994,853,5.15,17,339.09,36,9.9,28.2,51.6,85.81,Breakdown
2024-04-30,Afternoon,M006,O040,Cotton,811,841,4.93,6,302.73,19,0.9,28.9,40.8,103.7,Smooth
2024-01-10,Afternoon,M011,O011,Cotton,879,754,9.41,20,490.04,7,3.6,31.5,41.0,85.78,Low Quality Yarn
2024-04-14,Morning,M011,O012,Polyester,1094,1095,1.46,20,288.12,17,9.6,32.0,76.0,100.09,Power Cut
2024-03-21,Morning,M002,O017,Polyester,898,886,3.49,8,382.4,23,9.5,34.2,53.7,98.66,Smooth
2024-01-17,Afternoon,M013,O039,Blend,832,592,3.95,26,314.23,26,4.4,30.7,49.8,71.15,Smooth
2024-04-05,Night,M019,O026,Blend,999,818,5.77,7,441.11,18,11.8,29.8,47.0,81.88,Smooth
2024-02-03,Afternoon,M012,O029,Blend,825,835,6.64,11,453.8,11,12.8,29.3,42.2,101.21,Smooth
2024-04-08,Morning,M003,O038,Blend,1178,894,5.77,13,353.77,26,11.3,31.0,53.1,75.89,Smooth
2024-04-01,Night,M019,O046,Polyester,965,865,9.16,31,342.65,16,4.8,30.8,57.7,89.64,Humidity Issue
2024-02-08,Night,M001,O050,Blend,833,687,3.74,9,389.45,29,1.0,32.6,41.9,82.47,Power Cut
2024-04-22,Night,M017,O021,Blend,833,846,5.33,8,397.73,39,7.8,31.1,61.8,101.56,Smooth
2024-01-02,Afternoon,M004,O039,Blend,1019,1052,5.38,7,353.54,48,3.7,30.3,61.0,103.24,Power Cut
2024-02-24,Afternoon,M008,O001,Blend,817,847,1.11,15,374.45,29,3.3,28.5,58.9,103.67,Smooth
2024-03-16,Afternoon,M013,O038,Blend,883,858,6.34,5,352.28,25,1.4,32.8,76.9,97.17,Operator Absent
2024-02-17,Afternoon,M008,O039,Polyester,1049,808,5.28,16,357.16,15,11.5,25.5,62.6,77.03,Breakdown
2024-01-01,Morning,M020,O017,Polyester,966,1006,8.95,10,368.76,25,9.9,35.2,76.3,104.14,Smooth
2024-04-02,Night,M017,O004,Polyester,1100,953,3.14,4,311.99,28,7.7,29.7,63.5,86.64,Power Cut
2024-03-18,Night,M013,O035,Polyester,1144,966,6.13,21,355.0,11,14.6,31.6,68.2,84.44,Smooth
2024-04-03,Afternoon,M006,O040,Polyester,936,780,1.47,1,354.65,29,12.5,32.8,71.7,83.33,Smooth
2024-01-02,Morning,M011,O012,Polyester,886,932,9.67,5,360.31,34,13.6,28.5,54.9,105.19,Smooth
2024-04-25,Afternoon,M011,O005,Polyester,1074,1003,0.12,4,351.81,42,3.5,27.8,61.1,93.39,Low Quality Yarn
2024-04-27,Afternoon,M008,O018,Blend,960,750,1.21,7,357.9,8,2.0,27.7,62.0,78.12,Smooth
2024-01-30,Morning,M005,O041,Polyester,1059,991,0.29,8,375.2,15,9.1,32.3,66.9,93.58,Humidity Issue
2024-01-10,Night,M014,O016,Polyester,896,640,8.55,23,364.51,25,9.7,30.9,67.1,71.43,Breakdown
2024-03-05,Afternoon,M012,O042,Polyester,904,924,6.62,3,390.94,9,10.6,29.2,78.2,102.21,Smooth
2024-02-04,Night,M007,O006,Cotton,879,863,9.94,11,328.11,19,4.4,24.8,57.3,98.18,Smooth
2024-02-02,Night,M004,O014,Polyester,1183,1007,6.33,16,301.45,36,10.2,27.9,76.0,85.12,Low Quality Yarn
2024-02-28,Morning,M020,O018,Cotton,903,637,8.53,7,311.7,17,3.8,30.7,50.2,70.54,Humidity Issue
2024-04-05,Afternoon,M016,O032,Cotton,837,754,8.12,13,400.56,20,14.6,37.0,62.4,90.08,Humidity Issue
2024-01-12,Afternoon,M020,O041,Polyester,807,646,2.3,9,338.0,27,10.7,30.0,66.5,80.05,Low Quality Yarn
2024-04-04,Afternoon,M018,O031,Blend,910,662,3.62,27,328.93,10,7.0,32.1,54.2,72.75,Smooth
2024-01-15,Morning,M005,O018,Cotton,1118,1087,9.66,4,372.76,19,1.1,30.5,59.5,97.23,Breakdown
2024-03-21,Night,M004,O050,Blend,935,823,3.31,31,375.58,13,11.1,33.1,69.1,88.02,Smooth
2024-02-08,Night,M006,O022,Polyester,1117,971,9.25,1,341.04,40,9.5,29.7,52.6,86.93,Humidity Issue
2024-03-21,Morning,M003,O014,Cotton,1145,876,0.4,1,269.8,17,13.2,29.1,60.6,76.51,Smooth
2024-04-09,Morning,M005,O032,Polyester,1054,1045,0.36,4,282.01,15,13.1,29.7,77.6,99.15,Smooth
2024-04-05,Night,M011,O021,Cotton,999,730,3.49,31,361.56,35,14.7,28.0,58.8,73.07,Humidity Issue
2024-01-20,Morning,M019,O024,Blend,936,716,2.02,22,360.18,29,11.2,32.3,66.5,76.5,Smooth
2024-02-11,Night,M007,O036,Blend,1011,1042,6.85,7,389.18,30,4.8,27.5,72.1,103.07,Smooth
2024-03-20,Night,M013,O016,Polyester,1144,1119,9.37,1,287.48,51,1.9,32.2,66.2,97.81,Power Cut
2024-01-30,Night,M012,O013,Cotton,1068,1085,3.55,30,327.0,11,4.8,32.4,51.3,101.59,Low Quality Yarn
2024-04-16,Night,M003,O039,Blend,834,880,9.67,0,477.11,12,6.0,25.5,52.7,105.52,Breakdown
2024-04-16,Night,M002,O017,Cotton,1163,1063,6.61,12,363.37,39,13.4,29.1,58.0,91.4,Smooth
2024-02-27,Morning,M016,O003,Polyester,995,1052,8.66,5,381.68,40,14.0,29.5,71.9,105.73,Low Quality Yarn
2024-01-23,Night,M020,O048,Polyester,1153,1088,1.16,3,363.69,42,4.6,28.4,51.9,94.36,Low Quality Yarn
2024-04-04,Morning,M018,O045,Polyester,821,728,0.22,15,392.37,30,10.1,28.7,53.0,88.67,Smooth
2024-04-30,Night,M001,O008,Cotton,837,758,4.45,4,347.16,32,2.0,33.6,45.6,90.56,Smooth
2024-01-20,Morning,M006,O005,Blend,881,961,5.88,7,275.43,37,1.7,30.4,62.9,109.08,Operator Absent
2024-03-19,Afternoon,M018,O006,Polyester,1124,1043,9.14,7,360.78,14,3.5,26.8,41.2,92.79,Smooth
2024-02-24,Afternoon,M007,O026,Blend,866,784,0.85,6,357.76,10,3.8,30.9,66.9,90.53,Breakdown
2024-02-29,Afternoon,M005,O045,Polyester,1046,1106,0.33,16,431.73,53,11.3,36.6,74.0,105.74,Smooth
2024-04-26,Morning,M018,O049,Polyester,1164,979,5.54,9,385.87,19,2.6,24.5,55.0,84.11,Humidity Issue
2024-01-08,Morning,M013,O013,Polyester,1165,1160,9.16,6,311.22,53,8.7,30.8,71.2,99.57,Humidity Issue
2024-01-28,Night,M017,O017,Cotton,1125,1144,2.56,7,356.98,25,13.0,30.2,77.3,101.69,Smooth
2024-02-21,Night,M006,O010,Cotton,1095,1093,2.31,4,369.13,26,1.6,33.0,70.1,99.82,Smooth
2024-01-01,Afternoon,M012,O017,Blend,1122,1111,9.13,13,376.6,39,6.7,32.1,76.1,99.02,Operator Absent
2024-04-23,Morning,M013,O014,Cotton,1010,969,3.98,0,368.85,20,3.7,24.6,61.1,95.94,Humidity Issue
2024-02-01,Afternoon,M014,O035,Polyester,1031,791,8.0,6,293.97,18,6.4,30.7,72.3,76.72,Smooth
2024-03-16,Night,M002,O030,Polyester,877,884,2.23,9,354.18,33,12.1,31.8,68.8,100.8,Smooth
2024-03-21,Night,M009,O026,Blend,1073,1051,9.59,9,399.98,38,11.1,31.2,49.4,97.95,Smooth
2024-02-28,Morning,M005,O001,Polyester,968,821,1.47,7,354.16,28,11.9,30.0,53.4,84.81,Low Quality Yarn
2024-02-11,Night,M004,O043,Blend,1159,1196,6.15,11,371.37,42,9.0,24.6,76.6,103.19,Smooth
2024-03-17,Morning,M005,O009,Blend,983,1041,9.71,11,324.17,20,0.6,25.1,47.5,105.9,Smooth
2024-03-13,Morning,M016,O036,Polyester,1019,714,7.2,5,403.95,30,14.6,27.7,65.7,70.07,Smooth
